<?xml version="1.0" encoding="UTF-8"?><rss version="2.0"
	xmlns:content="http://purl.org/rss/1.0/modules/content/"
	xmlns:wfw="http://wellformedweb.org/CommentAPI/"
	xmlns:dc="http://purl.org/dc/elements/1.1/"
	xmlns:atom="http://www.w3.org/2005/Atom"
	xmlns:sy="http://purl.org/rss/1.0/modules/syndication/"
	xmlns:slash="http://purl.org/rss/1.0/modules/slash/"
	>

<channel>
	<title>Sem categoria &#8211; azurejoga</title>
	<atom:link href="https://github.com/azurejoga/azurejoga.github.io/category/sem-categoria/feed" rel="self" type="application/rss+xml" />
	<link>https://github.com/azurejoga/azurejoga.github.io/</link>
	<description>O verdadeiro site para gamers!</description>
	<lastBuildDate>Tue, 23 Feb 2021 03:22:28 +0000</lastBuildDate>
	<language>en-US</language>
	<sy:updatePeriod>
	hourly	</sy:updatePeriod>
	<sy:updateFrequency>
	1	</sy:updateFrequency>
	<generator>https://wordpress.org/?v=5.8.1</generator>
	<item>
		<title>lista de jogos acessíveis e não acessíveis na steam para cegos.</title>
		<link>https://github.com/azurejoga/azurejoga.github.io/lista-de-jogos-acessiveis-e-nao-acessiveis-na-steam-para-cegos.html</link>
					<comments>https://github.com/azurejoga/azurejoga.github.io/lista-de-jogos-acessiveis-e-nao-acessiveis-na-steam-para-cegos.html#respond</comments>
		
		<dc:creator><![CDATA[azure]]></dc:creator>
		<pubDate>Tue, 23 Feb 2021 03:22:28 +0000</pubDate>
				<category><![CDATA[Sem categoria]]></category>
		<guid isPermaLink="false">https://azurejoga.000webhostapp.com//?p=274</guid>

					<description><![CDATA[lista de jogos acessíveis e não acessíveis na steam para cegos. fala aí pessoal, azure aqui na voz para trazer para vocês mais uma lista de jogos acessíveis e não acessíveis mas&#8230; que são jogáveis. vou descrever os métodos para joga-los, mesmo que sejam inacessíveis. eternal legend: copyright 2018/2021. todos os direitos reservados. então vamos&#8230; <a class="more-link" href="https://github.com/azurejoga/azurejoga.github.io/lista-de-jogos-acessiveis-e-nao-acessiveis-na-steam-para-cegos.html">Continue reading <span class="screen-reader-text">lista de jogos acessíveis e não acessíveis na steam para cegos.</span></a>]]></description>
										<content:encoded><![CDATA[<p><meta charset="UTF-8"></p>
<p><title> lista de jogos  acessíveis e não acessíveis na steam para cegos. </title></p>
<p>fala aí pessoal, azure aqui na voz para trazer para vocês mais uma lista de jogos acessíveis e não acessíveis mas&#8230; que são jogáveis.</p>
<p>vou descrever os métodos para joga-los, mesmo que sejam inacessíveis.</p>
<p>eternal legend: copyright 2018/2021. todos os direitos reservados.</p>
<p>então vamos começar com a lista, lembrando&#8230; você pode navegar pelos jogos usando o número 1 do seu teclado para navegar por cabessalhos.</p>
<p>boa diverssão!</p>
<h1>  <a href="https://store.steampowered.com/app/209120/Street_Fighter_X_Tekken/">street fighter x tekken </a></h1>
<p>descrição.</p>
<p>Jogabilidade</p>
<p>Embora os dois jogos de luta sejam bem distintos, em Street Fighter x Tekken existem várias adaptações. Os personagens de Tekken se adaptaram aos seis botões de Street Fighter, mas também podem jogar com o mesmo esquema de quatro botões visto em Tekken. O jogo é baseado no estilo 2.5D de Street Fighter IV e os personagens de Tekken podem até fazer os Ultra Combos vistos no jogo, mas sem perder a jogabilidade de Tekken. Street Fighter x Tekken tem o sistema Tag team, visto na série Marvel vs Capcom.</p>
<p>Enredo</p>
<p>Na Antártica, um objeto desconhecido em formato de caixa se choca em seu solo. Estudiosos analisaram sua substância e descobriram que a energia libera um poder sem limites durante um conflito físico ou emocional. Baseado em mitologia, os cientistas nomearam o material de Pandora. A reação causada pelo Pandora ganha atenção de muitos lutadores dos universos de Street Fighter e Tekken após sua descoberta, principalmente das organizações Shadaloo e Mishima Zaibatsu. A partir de então, cada personagem tem seus objetivos:<br />
Street Fighter<br />
Ryu acredita que o Pandora tenha alguma ligação com o Satsui no Hadou, o Ki malígno que manifesta em seu corpo. Ken Masters se junta a ele, sem qualquer interesse pela caixa.<br />
Chun-Li, após descobrir que a Shadaloo e a Mishima Zaibatsu estão rumo à Antártica, decide investigar as ações de ambas organizações. Ela convida Cammy White para acompalhá-la.<br />
Guile é enviado à Antártica por seu superiores para investigar o Pandora. Abel descobre que a Shadaloo também está a procura do Pandora, então se alia a Guile para tentar descobrir algo sobre seu passado.<br />
Dhalsim pensa que o Pandora tem uma ligação com o desaparecimento de muitas crianças de sua aldeia. Sagat se junta a ele para procurar uma jovem menina de sua vila que também desapareceu.<br />
Poison e Hugo observaram que a imprensa está reúnida na região da Antática, e decidem viajar até lá para ficarem famosos.<br />
Após aprender sobre o Pandora, Rolento decide destruir-lo para poder criar um exército poderoso. Ele pede ajuda aos anciões da vila de Ibuki, que a forçam a ajudar Rolento.<br />
Zangief pretende trazer a caixa até a Rússia para mostrar sua lealdade ao país. Ele pede a ajuda de Rufus para acompalha-lo em sua jornada, embora Rufus queira destruir o Pandora, após a mídia ter manchado sua reputação quando perdeu o torneio de artes marciais do Estados Unidos.<br />
Ordenados por M. Bison, Vega e Balrog saem atrás do Pandora, mesmo que um não respeite o outro.<br />
Após o Pandora ter destruído o satélite da Shadaloo, M. Bison vai atrás do Pandora, com a ajuda de Juri.<br />
Akuma escuta uma voz desconhecida, vinda da caixa de Pandora. Então decide ir para a Antártica para descobris de quem é a voz.<br />
Blanka decide procurar Dan Hibiki, que desapareceu na Antártica procurando o Pandora. Sakura Kasugano, interessada na caixa e querendo ter férias de inverno, acompanha Blanka.<br />
Guy prentende livrar o mundo do Pandora, o qual considera uma ameaça, e pede ajuda ao velho amigo Cody.<br />
Elena escutou a voz de uma árvore no jardim de Dudley, dizendo que ambos precisavam ir ao Polo Sul, embora Dudley não esteja interessado no Pandora.<br />
Tekken<br />
Kazuya Mishima pretende usar o poder do Pandora somado ao seu gene Devil para tomar a Mishima Zaibatsu do seu próprio filho, Jin. Ele se junta a Nina Williams, que já tentara mata-lo.<br />
King e Craig Marduk afirmam ter visto uma pessoa semelhante ao Armor King, até então morto por Craig Marduk, embarcando para a Antártica. Então rumam ao Polo Sul.<br />
Heihachi Mishima, sabendo que tanto Kazuya como Jin, estão atrás do Pandora. Heihachi segue rumo ao Polo Sul, com o objetivo de matar Jin e Kazuya para retomar o controle da Mishima Zaibatsu. Se une ao seu fiel companheiro Kuma.<br />
Steve Fox estava lutando contra Hwoarang em um torneio de artes marciais quando o mesmo é interrompido em um ataque causado pela Shadaloo. Os dois se juntam para dar o troco pela interrupção.<br />
Yoshimitsu parte em busca de Pandora para acalmar sua espada amaldiçoada. Recebe a ajuda de Raven, que não possui interesse no artefato e está em uma missão de investigação com a Shadaloo e a Mishima Zaibatsu.<br />
Julia Chang está preocupada a respeito do Pandora, tendo ideia de que pode ser perigoso em mãos erradas. Bob Richard ajuda Julia a encontrá-lo.<br />
Lili Rochefort pretende entregar o Pandora à seu pai, porém acredita que não conseguirá sozinha, então é forçada a pedir reforço a rival Asuka Kazama.<br />
Marshall Law, subordinado à dinheiro para pagar as dívidas, vai atrás do Pandora, acompanhado de Paul Phoenix.<br />
Jin Kazama sente que a caixa tem alguma ligação com a maldição do Devil Gene, e parte para a Antártica. Parte com a ajuda de Ling Xiaoyu, que esta com medo de que a caixa faça mal a ele..<br />
Ogre, assim como Akuma, escuta uma voz familiar a seu passado. Ele, então, parte em direção ao Pólo Sul para descobrir.<br />
Lars Alexandersson , deseja destruir o Pandora, com a finalidade de evitar uma guerra entre a Shadaloo e a Mishima Zaibatsu. Alisa Bosconovitch o auxilia em sua missão.<br />
Bryan Fury pretende tomar o Pandora da G-Corporation para obter controle das unidades Jack-X.<br />
Procurando seu instrutor de Capoeira, Eddy Gordo , Christie Monteiro vai para a Antártica para descobrir a ligação de seu instrutor com a Mishima Zaibatsu. Ela e Lei Wulong trabalham juntos para, também, manter o Pandora afastado de mãos inimigas.</p>
<p>existe um problema sobre o jogo que quando você o compra fica aparecendo, código cd key: o código cd key não foi encontrado ou enviaremos para sua conta do windows live.</p>
<p>isso  impossibilita de abrir e jogar o jogo.</p>
<p>mas&#8230; fique tranquilo  eu vou ensinar a vocês como resolver esse problema.</p>
<p>primeiro.</p>
<p>baixe o patch de comunidade para corrigir travamentos, problemas, tela preta, erro de cd key.<br />
baixe o seguinte arquivo.</p>
<p><a href="https://docs.google.com/u/0/uc?export=download&amp;confirm=seER&amp;id=0B6A_ITzSjsF3RDRPcVljVHVhXzQ">clique aqui para download </a></p>
<p>se o primeiro link não funcionar</p>
<p><a href="https://docs.google.com/uc?id=0B6A_ITzSjsF3RDRPcVljVHVhXzQ">tente este </a></p>
<p>depois entre na pasta do jogo em unlocker, e localise o arquivo unlocker.ini e edite o arquivo e apague tudo que tem aver com personagem  etc&#8230; nomes, e tudo que tem com o número 0 altera pra o 1.</p>
<p>pronto! tente abrir o jogo.</p>
<h1> <a href="https://store.steampowered.com/app/245170/Skullgirls/?l=portuguese">skullgirls </a></p>
<p>descrição.</p>
<p>o jogo ja vem com o n v d a imbutido, então não precisa de muito  é só comprar, baixar e jogar.</p>
<p>jogabilidade.</p>
<p>jogadores formem equipes usando diferentes proporções de personagens.<br />
O motor e estilo de jogo para Skullgirls foram intencionalmente modelado após Marvel vs. Capcom 2: New Age of Heroes , incorporando vários mecânica de jogo semelhantes, tais como o combate baseado em tag team, auxilia caráter, snapbacks e hiper atrasadas combos . [9] [10] O jogo pode ser jogado usando diferentes proporções de personagens (semelhante a Capcom vs. SNK 2: Mark of the Millennium 2001 ), com cada jogador podendo selecionar até três lutadores em sua equipe. As equipes são então equilibradas com base no número de membros da equipe. Um único personagem possui mais saúde e causa mais danos, enquanto equipes maiores ganham a habilidade de realizar assistências de personagem e recuperar saúde quando eliminados.[10] Os jogadores também podem personalizar seus ataques de assistência ao personagem. [11]<br />
O jogo inclui um modo de história, modo de arcade, modo versus, sala de treinamento, modo de tutorial e jogo online usando a biblioteca de rede GGPO . [10] [12] Skullgirls inclui vários recursos exclusivos para resolver problemas de sistema e equilíbrio, como detecção de combo infinito. [13] Quando o jogo detecta um combo em loop através do monitoramento dos ataques dos jogadores, o outro jogador pode se libertar do infinito pressionando qualquer botão. [9] Além disso, Skullgirlsoferece proteção contra &#8220;ataques que não podem ser bloqueados&#8221;, que ocorrem quando um jogador, por exemplo, usa um golpe baixo e um ataque assistido alto ao mesmo tempo, tornando quase impossível para o oponente bloquear. O jogo tenta remediar o problema oferecendo um breve período de proteção que não pode ser bloqueado após bloquear com sucesso qualquer ataque. [9]<br />
No lançamento, Skullgirls Encore viu vários ajustes de jogabilidade e adições, incluindo ajustes de equilíbrio de personagem, jogabilidade mais rápida, um modo de treinamento online e um medidor de atordoamento projetado para limitar combos longos sem comprometer a criatividade. [14] [15] Um novo modo de jogo local chamado &#8220;Typing of the Skullgirls&#8221;, um modo inspirado em jogos como The Typing of the Dead , também foi adicionado. [16] Quando habilitado, as equipes geram medidor automaticamente e todos os ataques causam danos insignificantes. [16] Os super movimentos fornecem instruções de digitação ao jogador, concedendo danos à precisão da digitação. [16] Além de modos de história totalmente dublados e jogo multiplataforma em todo oPlayStationFamília PlayStation , Skullgirls 2nd Encore apresentou desafios, onde os jogadores lutam contra oponentes em condições de batalha únicas; ensaios, que testam as habilidades dos jogadores fazendo-os realizar combos; e o modo de sobrevivência, que coloca os jogadores contra ondas infinitas de inimigos. [17] A versão móvel de Skullgirls incorpora progressão semelhante a RPG , personalização e mecânica de construção.</p>
<p>henrredo.</p>
<p>Skullgirls se passa no fictício Canopy Kingdom, um país que lembra a América do pós-guerra dos anos 1940 . [20] Em um mundo corrupto e dilacerado pela guerra, vários indivíduos e organizações buscam obter um artefato conhecido como Coração de Caveira. Uma vez a cada sete anos, o Coração de Caveira realiza o desejo de uma mulher. No entanto, se uma mulher com uma alma impura tentar usar o Coração, seu desejo será corrompido e ela será transformada em um monstro conhecido como a Skullgirl. Centenas de pessoas procuraram o Coração de Caveira, mas nenhum de seus portadores foi considerado digno e poupado de sua maldição. [21]Estados UnidosSkullgirls cite_note-PSBlog-21Skullgirls cite_note-World-22<br />
Sete anos após a Grande Guerra, uma batalha travada entre três nações, a mais nova Skullgirl, Marie, emergiu e começou a aterrorizar o Reino Canopy. O jogo segue vários lutadores em suas jornadas para confrontar Marie e reivindicar o Skull Heart. Cada personagem tem seu próprio motivo para buscar o Coração, seja para destruir o artefato ou usar seu poder para seus próprios interesses.</p>
<p>compre e baixe o skullgirls 2nd upgrade ancor, que adiciona  todas as dlc, todos os personagens você precisa ter o jogo base, que é o skullgirl normal.</p>
<p><a href="https://store.steampowered.com/app/447510/Skullgirls_2nd_Encore_Upgrade/">compre aqui </a></h1>
<h1> <a href="https://store.steampowered.com/app/411370/Melty_Blood_Actress_Again_Current_Code/">melty blood Actress Again Current Code  </a></p>
<p>descrição<br />
jogabilidade</p>
<p>Melty Blood faz uso de conceitos amplamente usados ​​em jogos de luta, como cancels (cancelando um ataque normal com um ataque especial antes de sua animação terminar, permitindo combos mais complexos e prejudiciais) combos em cadeia (movimentos normais que cancelam em outros movimentos normais) e o uso de superbarras ( circuitos mágicos ). Ele também apresenta Shielding, uma técnica defensiva avançada.</h1>
<h2> aviso, confira a sessão de tutorial sobre os jogos para melhor entendimento de como jogar e opera-los.</h2>
<h1> <a href="https://store.steampowered.com/app/348710/Saint_Seiya_Soldiers_Soul/?l=brazilian">os cavaleiros do zodiaco alma dos soldados </a></p>
<p>descrição.</p>
<p>jogabilidade.</p>
<p>O jogo abrange diversos modos diferenciados, próximo ao que ocorreu em seu antecessor, Saint Seiya: Brave Soldiers. Quanto à jogabilidade, as diferenças principais são na qualidade dos gráficos (melhorados na versão para PlayStation 4) e nos novos combos aéreos, incentivando os jogadores a buscarem este tipo de luta no ar.<br />
Lenda do Cosmo: É o modo história do game. É basicamente próximo ao que fora mostrado no seu antecessor, com as Sagas das Doze Casas, Poseidon e Hades sendo jogáveis. As cenas entre as batalhas agora são realizadas em 3D, com animações e vozes em vez de apenas imagens estáticas e áudio, dando mais vida e se aproximando à série nostálgica. Mas talvez a novidade principal seja a disponibilidade da Saga de Asgard, que aparece no anime original e agora é uma opção jogável.<br />
Batalha Vs: É o modo multiplayer de lutas personalizadas. As diferenças presentes são o Cosmic KO[1], que é uma animação com onomatopéias do mangá ao finalizar um oponente com um combo; a possibilidade de retirar ou colocar os elmos dos Cavaleiros de Ouro antes da luta; e a quantidade maior de cenários, devido ao modo história em Asgard. Além disso, a personalização das lutas terá um adicional chamado Frases de Assistência[2], dando auxílio no ataque e na defesa do personagem durante as lutas. Alguns antigos modos, como a Guerra Galáctica, Sobrevivência e Coleção permanecem nesta sequência, sem alterações.<br />
Batalha de Ouro: É uma história alternativa exclusiva do jogo, que abrange o renascimento dos cavaleiros de ouro em Asgard. É diferente do anime Saint Seiya: Soul of Gold pelo fato de não existirem os Guerreiros Deuses de Andreas nesta edição, tendo seu modo baseado em sua maioria com lutas entre os próprios Cavaleiros de Ouro e suas novas armaduras.[3]<br />
Personagens jogáveis<br />
Há um total de 48 personagens jogáveis neste jogo, e mais alguns que só aparecem em cutscenes, como o Mestre Ancião e Cássius, Shunrei, Kiki, Freya, Pandora e até mesmo o Narrador da Guerra Galáctica tiveram suas vozes mantidas desde a dublagem do anime pela Álamo e Gota Mágica.[4]<br />
1. Seiya de Pégaso<br />
Roupas (Comum e Treino), Armadura de Bronze (Santuário, Asgard, Asgard OCE, Dourada, Hades e Hades OCE), Armadura de Ouro (Sagitário) e Armadura Divina (Odin, Pégaso e Pégaso OCE)<br />
2. Shiryu de Dragão<br />
Roupas (Comum e Sem Armadura), Armadura de Bronze (Santuário, Asgard, Asgard OCE, Dourada, Hades e Hades OCE), Armadura de Ouro (Libra) e Armadura Divina (Dragão)<br />
3. Hyoga de Cisne<br />
Roupas (Comum), Armadura de Bronze (Santuário, Asgard, Asgard OCE, Dourada, Hades e Hades OCE), Armadura de Ouro (Aquário) e Armadura Divina (Cisne)<br />
4. Shun de Andrômeda<br />
Roupas (Comum), Armadura de Bronze (Santuário, Asgard, Asgard OCE, Dourada, Hades e Hades OCE), Armadura de Ouro (Virgem) e Armadura Divina (Andrômeda)<br />
5. Ikki de Fênix<br />
Roupas (Comum), Armadura de Bronze (Santuário, Asgard, Asgard OCE, Dourada, Hades e Hades OCE), Armadura de Ouro (Leão) e Armadura Divina (Fênix)<br />
6. Jabu de Unicórnio<br />
Armadura de Bronze (Santuário)<br />
7. Ichi de Hidra<br />
Armadura de Bronze (Santuário)<br />
8. Marin de Águia<br />
Roupas (Treino), Armadura de Prata (Santuário)<br />
9. Shina de Cobra<br />
Roupas (Treino), Armadura de Prata (Santuário)<br />
10. Orfeu de Lira<br />
Armadura de Prata (Hades)<br />
11. Shion de Áries<br />
Armadura de Ouro (Epílogo), Sobrepeliz (Áries)<br />
12. Mu de Áries<br />
Roupas (Comum), Armadura de Ouro (Santuário), Armadura Divina (Áries)<br />
13. Aldebaran de Touro<br />
Armadura de Ouro (Santuário), Armadura Divina (Touro)<br />
14. Armadura de Gêmeos<br />
Armadura de Ouro (Santuário)<br />
15. Saga de Gêmeos<br />
Armadura de Ouro (Santuário), Sobrepeliz (Gêmeos), Armadura Divina (Gêmeos)<br />
16. Kanon de Gêmeos<br />
Roupas (Comum), Armadura de Ouro (Hades), Escama (Dragão Marinho)<br />
17. Máscara de Morte de Câncer<br />
Roupas (Sem Armadura), Armadura de Ouro (Santuário), Sobrepeliz (Câncer), Armadura Divina (Câncer)<br />
18. Aiolia de Leão<br />
Roupas (Treino), Armadura de Ouro (Santuário), Armadura Divina (Leão)<br />
19. Shaka de Virgem<br />
Armadura de Ouro (Santuário), Armadura Divina (Virgem)<br />
20. Dohko de Libra<br />
Armadura de Ouro (Hades), Armadura Divina (Libra)<br />
21. Milo de Escorpião<br />
Armadura de Ouro (Santuário), Armadura Divina (Escorpião)<br />
22. Aiolos de Sagitário<br />
Roupas (Treino), Armadura de Ouro (Santuário), Armadura Divina (Sagitário)<br />
23. Shura de Capricórnio<br />
Armadura de Ouro (Santuário e Santuário OCE), Sobrepeliz (Capricórnio), Armadura Divina (Capricórnio)<br />
24. Camus de Aquário<br />
Roupas (Comum), Armadura de Ouro (Santuário), Sobrepeliz (Aquário), Armadura Divina (Aquário)<br />
25. Afrodite de Peixes<br />
Armadura de Ouro (Santuário), Sobrepeliz (Peixes), Armadura Divina (Peixes)<br />
26. Thor de Phecda<br />
Robe Divina (Asgard)<br />
27. Fenrir de Allioth<br />
Robe Divina (Asgard)<br />
28. Hagen de Merak<br />
Robe Divina (Asgard)<br />
29. Alberich de Megrez<br />
Robe Divina (Asgard)<br />
30. Mime de Benetnasch<br />
Robe Divina (Asgard)<br />
31. Shido de Mizar<br />
Robe Divina (Asgard)<br />
32. Bado de Alcor<br />
Robe Divina (Asgard)<br />
33. Siegfried de Dubhe<br />
Robe Divina (Asgard)<br />
34. Hilda de Polaris<br />
Roupas (Veste de Valquíria)<br />
35. Bian de Cavalo Marinho<br />
Escama (Cavalo Marinho)<br />
36. Io de Scylla<br />
Escama (Scylla)<br />
37. Krishna de Crysaor<br />
Escama (Crysaor)<br />
38. Kasa de Lymnades<br />
Escama (Lymnades)<br />
39. Isaac de Kraken<br />
Escama (Kraken)<br />
40. Sorento de Sirene<br />
Escama (Sirene)<br />
41. Radamanthys de Wyvern<br />
Sobrepeliz (Hades)<br />
42. Minos de Griffon<br />
Sobrepeliz (Hades)<br />
43. Aiacos de Garuda<br />
Sobrepeliz (Hades)<br />
44. Atena<br />
Armadura de Atena (Hades e Hades OCE)<br />
45. Poseidon/Julian Solo<br />
Escama e Smoking<br />
46. Thanatos<br />
Sobrepeliz (Hades)<br />
47. Hypnos<br />
Sobrepeliz (Hades)<br />
48. Hades<br />
Sobrepeliz (Hades e Hades OCE)<br />
Recepção<br />
O fato de ser dublado tem chamado atenção dos antigos fãs e despertado o interesse pelo jogo mesmo naqueles que não adquiriam a versão anterior a do game. Nos eventos nacionais relacionados à animes, as versões demonstrativas expostas para o público pecaram no fato de terem poucos personagens e dublagem internacional[5], mas mesmo assim, as diferenças entre o estilo de luta são notáveis e melhores.</h1>
<h1> <a href="https://store.steampowered.com/app/482450/Nitroplus_Blasterz_Heroines_Infinite_Duel/">nitroplus blaster heroins infinity </a></p>
<p>descrição.</p>
<p>jogabilidade.</p>
<p>O jogo usa cinco botões; ataque leve, ataque médio, ataque pesado, ação de fuga e ação pesada. O botão de ação de fuga pode ser usado para realizar manobras evasivas e guardas, enquanto ações pesadas podem ser usadas para empurrar um oponente para trás. Os jogadores podem realizar Infinite Blasts, que podem interromper o ataque de um oponente, Variable Rushes, que permite combos surpresa, e Lethal Blazes, que servem como super ataques de combo . Os jogadores também podem escolher dois personagens de suporte que podem convocar para ajudá-los. [6]<br />
Personagens [  ]<br />
Existem 32 personagens que são divididos em personagens jogáveis ​​e personagens de apoio. O Super Sonico era inicialmente um personagem de apoio, mas mais tarde tornou-se jogável. [7] Um personagem original, que é uma troca de paleta escura e uma versão final do chefe de Al Azif, Al Azif Ex Mortis é o chefe final não jogável do jogo, criado por Mugen Yoguruma, age como uma cópia do Necronomicon, criado dos fragmentos dos Al Azifs dos infinitos universos nos quais Demonbane falhou. No final do modo de história, Ex Mortis é derrotado e absorvido por Al Azif, que ganha todas as memórias de Ex Mortis, bem como a conclusão de sua alma.<br />
Personagens jogáveis [<br />
Heart Aino ( Arcana Heart ) &#8211; DLC<br />
Al Azif (Demonbanesérie Demonbane )<br />
Anna ( Gekkō no Carnevale )<br />
Ethica ( Tokyo Necro )<br />
Ein ( Fantasma do Inferno )<br />
Homura ( Senran Kagura ) &#8211; DLC<br />
Ignis ( Jingai Makyō )<br />
Mora ( Vampirdzhija Vjedogonia )<br />
Satsurikuin Ouka ( mascote OKStyle )<br />
Ruili ( Kikokugai: The Cyber ​​Slayer )<br />
Saber ( destino ) ( Fate / Zero encarnação)<br />
Muramasa Sansei ( Full Metal Daemon: Muramasa )<br />
Saya ( Saya no Uta )<br />
Super Sonico<br />
Personagens de apoio [ ]<br />
Akane Tsunemori ( Psycho-Pass )<br />
Alushia ( Hakubō no Dendōshi )<br />
Amy ( Gargantia no Planeta Verdurous )<br />
Angela Balzac ( expulsa do paraíso )<br />
Outro Sangue ( Kishin Hishō Demonbane )<br />
Anri ( Tenshi no Nichō Kenjū -Angelos Armas- )<br />
Aoi Mukō ( Kimi para Kanojo para Kanojo no Koi )<br />
Carol ( Guilty Crown: Lost Christmas )<br />
Dragão ( Dra † KoI )<br />
Ishima Kaigen ( Hanachirasu )<br />
Kuro no Franco / Franco il Nero ( Zoku Satsuriku no Jango -Jikogu no Shōkin Kubi- )<br />
Miyuki Sone (Kimi to Kanojo to Kanojo no Koi)<br />
Mugen Yoguruma ( DYN Freaks)<br />
Natsumi Aibara (Hello, world.)<br />
Sakura (Axanael)<br />
Spica (Sumaga)<br />
Yoishi Mitsurugi (Phenomeno)<br />
Yuki Takeya (School-Live!)</h1>
<h1> <a href="https://store.steampowered.com/app/408640/Code_of_Princess/">code of princess </a></h1>
<h1> também tem sua variação/remake o. <a href="https://store.steampowered.com/app/711380/Code_of_Princess_EX/">code of princess ex </a></h1>
<p>descrição.</p>
<p>jogabilidade.</p>
<p>Code Of Princess é um RPG eletrônico de ação desenvolvido para o Nintendo 3DS, pc,. O jogo tem muitas similaridades com o estilo &#8220;beat&#8217;n up&#8221;. O tipo de jogo em que vai se progredindo lateralmente enquanto os personagens lutam contra inimigos.<br />
O design dos personagens ficou a cargo de Kinu Nishimura. E o time de produção conta ainda com alguns ex-membros da &#8220;Treasure&#8221;, a empresa responsável por Guardian Heroes. Assim como o mesmo, Code of Princess também é ambientado em um mundo medieval com criaturas míticas como zumbis, orcs, etc. O jogo possui um sistema de customização de magias e habilidades, permitindo que um personagem adquira habilidades diferentes em uma nova gravação.<br />
Code of Princess dispõe de 11 personagens controláveis no modo história. Um número ainda maior de personagens fica disponível ao jogador no modo Versus, que permite ao jogador usar inimigos ou aldeões de vila para jogar. O jogo tem multiplayer local e online para até 4 pessoas simultâneas. O lançamento no Japão foi no dia 19 de abril de 2012. Nos Estados Unidos, quem distribuirá será a Atlus com lançamento previsto para o dia 9 de outubro de 2012.<br />
Personagens<br />
Solange &#8211; A guerreira loira e personagem principal de Code of Princess. Maneja uma espada bastarda.<br />
Zozoko &#8211; Uma personagem que usa magia e ataques a longa distância.<br />
Allegro &#8211; Um músico que usa instrumentos para variados tipos de ataques.<br />
Ally &#8211; Um ladino que usa adagas para lutar. E cuja maior característica à agilidade.</p>
<h1> <a href="https://store.steampowered.com/app/795510/Koihime_Enbu_RyoRaiRai/">koihime enbu ryo rai rai </a></h1>
<p>descrição.</p>
<p>jogabilidade</p>
<p>Koihime † Enbu&nbsp; segue a mesma jogabilidade de seu predecessor, todos os personagens do primeiro e do segundo jogo retornam. Ele apresentou oficialmente a facção Tō ao adicionar Chōryō e seu estrategista Kaku &nbsp;à lista.<br />
: Personagens<br />
No jogo, existem apenas quinze personagens, cada um com suas próprias habilidades e estilo de luta. Além disso, para seleção, um dos oito estrategistas que desta vez podem ser associados a qualquer personagem do jogo, apesar de suas diferenças nas facções.<br />
Facção<br />
Personagem da Playbay<br />
Estrategista<br />
Shoku<br />
Kan&#8217;u Unchō</p>
<p>Chōhi Yokutoku<br />
Shokatsuryō Kōmei</p>
<p>Chōun Shiryū<br />
Hōtō Shigen</p>
<p>Bachō Mōki</p>
<p>Vai<br />
Sonken Chūbō</p>
<p>Sonshōkō<br />
Shūyu Kōkin</p>
<p>Kannei Kōha<br />
Ryomō Shimei</p>
<p>Shūtai Yōhei</p>
<p>Gi<br />
Sōsō Mōtoku</p>
<p>Kakōton Genjō<br />
Jun&#8217;iku Bunjaku</p>
<p>Kakōen Myōsai<br />
Tei&#8217;iku Chūtoku</p>
<p>Gakushin Bunken</p>
<p>Kan<br />
Ryofu Hōsen<br />
Chinkyū Kōdai</p>
<p>Chōryō Bun&#8217;en<br />
Kaku Bunwa</p>
<h1> <a href="https://store.steampowered.com/app/702110/THE_LAST_BLADE_2/">the last blade2 </a></h1>
<p>descrição.</p>
<p>jogabilidade.</p>
<p>Os elementos de jogabilidade permanecem iguais aos de seu antecessor, com alguns pequenos ajustes. Um modo &#8220;EX&#8221; foi adicionado ao jogo, que é uma combinação de &#8220;Velocidade&#8221; e &#8220;Potência&#8221;. O clima é mais sombrio do que seu antecessor na introdução ao jogo. Os personagens são coloridos um pouco mais escuros e as cutscenes do jogo são alongadas para enfatizar a importância do enredo. Os personagens não são mais iguais, hospedando maiores diferenças de pontos fortes e fracos do que antes.</p>
<h1> <a href="https://store.steampowered.com/app/1076550/SAMURAI_SHODOWN_V_SPECIAL/">samurai showdown v especial </a></h1>
<p>descrição.</p>
<p>jogabilidade.</p>
<p>A jogabilidade permaneceu relativamente a mesma desde Samurai Shodown V, mas houve uma revolução nos gráficos, trazendo novos, incluindo as fotos dos personagens feitos pelo artista Satoshi Ito, trazendo uma atmosfera sombria semelhante à de Samurai Shodown III.<br />
Ele possui algumas modificações na jogabilidade, fazendo com que ele seja mais balanceado do que seu predecessor. A maior modificação feita na jogabilidade, contudo, foi a introdução do Zetsumei Ougi, ou &#8220;golpe Overkill&#8221;. Se executado corretamente, iria terminar instantaneamente a partida para o seu oponente, não dependendo de seu nível de vida, um conceito semelhante ao da série Guilty Gear (exceto pelo fato de as condições de execução serem mais estritas: o personagem a executar tem que estar no modo &#8220;Rage&#8221;, enquanto que o nível de vida do oponente deve estar abaixo do ponto em que ele poderia usar do Concentration One, que foi introduzido em Samurai Shodown V como um especial de modo slow-motion que eles poderiam aumentar através de meditação (executado quando segurando o botão D em pé).[2] A movimentação inicial é a mesma para cada personagem quando o jogador tenta executá-lo, mas se ele for golpeado, o personagem atacante iria dar o golpe final em seu oponente em seu estilo próprio.<br />
Adicionalmente aos golpes overkill, efeitos de fatality de Samurai Shodown IV foram trazidos de volta a este jogo, como ser cortado ao meio horizontalmente. Novos efeitos de fatality foram também introduzidos, como ser cortado ao meio verticalmente com o sangue da vítima jorrando em cima do vencedor, exatamente como em Samurai Shodown IV. Em adição, Nakoruru e Rimururu, que foram ambas feitas &#8220;imunes&#8221; aos efeitos de fatality em SSIII e IV, também foram capazes de experienciar tais efeitos ao fim da partida, tendo algumas vezes as levando a gritar violentamente.<br />
Censura<br />
A grande combinação de atos violentos representados em Samurai Shodown V Special gerou bastante repercussão. Isto levou à SNKP a censurar o cartucho AES logo após o acontecimento conhecido por Sasebo slashing.<br />
Já que a versão AES do jogo estava aproximando-se de sua data de lançamento em 8 de julho de 2004, ele foi misteriosamente atrasado uma semana, movendo a data para o dia 15. Quando ele finalmente saiu, a comunidade inteira que acompanha os jogos da empresa ficou chocada ao ver que não somente os fatalities comuns foram retirados mas também o Zetsumei Ougi foi muito diminuído, transformando-o numa versão do issen dos personagens. Primeiramente, este ato de censura afetou o lançamento mundial inteiro, não limitando-se à somente audiência japonesa. Não somente esta censura modificou o jogo mas trouxe com si vários defeitos, como por exemplo no modo de treino exclusivo à versão AES.<br />
Após saber da decepção destas modificações dos fãs, a SNK refez o jogo logo após o concerto dos defeitos trazidos pelos atos de censura, além de recolocar os Zetsumei Ougis, mas parcialmente. O despedaçamento de corpo ainda estavam ausentes, o que fez com que alguns zetsumei ougis não tivessem sentido. Contudo, alguns dos detalhes violentos permaneceram-se, como os gritos de morte e poder ser esmagado na parede.</p>
<h1> <a href="https://store.steampowered.com/app/1494230/A_Western_Drama/">a western drama audio game para cegos! </a></h1>
<p>descrição.</p>
<p>SOBRE ESTE JOGO<br />
A Western Drama é um audiogame de arcade com uma profunda história ambientada na fronteira americana do século XIX, estrelando dois caçadores de recompensas, o jovem Wade e seu mestre Drake.</p>
<p>Como Wade, o jogador terá que enfrentar ladrões de caravanas, ladrões, assassinos, mercenários em tiroteios violentos e duelos rápidos, tentando capturar os quatro criminosos mais perigosos do Ocidente e chegar ao coração dos pesadelos recorrentes de Wade.</p>
<p>O áudio binaural permite que os jogadores vivam em um mundo realista, sem usar nenhum feedback visual. Através do áudio binaural, o jogador está imerso em um mundo de áudio tridimensional, que projetamos seguindo as atmosferas típicas das histórias spaghetti western, repletas de personagens, pequenos postos avançados, estradas de terra e cidades.</p>
<h1> <a href="https://store.steampowered.com/app/1215350/AudioWizards/">audio wizards, outro audio game. </a></h1>
<p>descrição.</p>
<p>SOBRE ESTE JOGO<br />
AudioWizards é um jogo de áudio totalmente acessível para cegos e deficientes visuais, onde você luta contra os inimigos que se aproximam usando feitiços elementares diferenciados por seus sons únicos. Pegue seus fones de ouvido, aumente o volume e mergulhe no mundo de Sondveiw!</p>
<p>LEITORES DE TELA COM SUPORTE<br />
■ NonVisual Desktop Access (NVDA).<br />
■ API de tela do Windows.<br />
HISTÓRIA<br />
AudioWizards se passa no mundo de Sondveiw, um mundo habitado por uma organização chamada, você adivinhou, AudioWizards. A organização foi formada para defender Sondveiw de Distorções, criaturas desagradáveis ​​que prosperam no barulho, inflexíveis em consumir o mundo nele. Os AudioWizards acreditam que o som possibilita sua magia e dá um significado a ela, mas é difícil encontrar harmonia com todo aquele ruído distorcido ao redor. Você joga como um aprendiz que viaja com um mago experiente chamado Saundaman. Os métodos de ensino de Saundaman são basicamente &#8220;aprendendo no decorrer do tempo&#8221;, enquanto ele sacia sua sede sem fim por chá.<br />
RECURSOS<br />
SONS DE ALTA QUALIDADE<br />
■ Reconheça tudo o que está acontecendo ao seu redor apenas pelos sons incríveis!<br />
■ Ouça os sons elementares que as distorções fazem e contra-ataca com os elementos correspondentes!</p>
<p>ACESSÍVEL<br />
■ Totalmente acessível para cegos e deficientes visuais com suporte para leitor de tela e navegação intuitiva.<br />
■ A navegação é facilitada e todos os elementos da interface do usuário são totalmente identificados.</p>
<p>GRÁFICOS 3D DE CARTOONY<br />
■ Inclui gráficos de desenho animado facilmente distinguíveis, o que é uma raridade em jogos de áudio.<br />
■ O áudio ainda é a chave!</p>
<p>JOGABILIDADE EMBALADA DE AÇÃO<br />
■ Fácil de aprender, difícil de dominar. A jogabilidade é rápida, intensa e desafiadora.<br />
■ Comunidade de jogos de áudio, esta é para você!</p>
<p>TRILHA SONORA DE EXCELENTE<br />
■ Todas as músicas foram feitas em cooperação com músicos cegos e deficientes visuais.<br />
■ A trilha sonora também pode ser adquirida separadamente.</p>
<p>MODO DE HISTÓRIA ENCANTADORA<br />
■ Embarque em uma jornada maluca com seu mentor de molho de chá Saundaman em 20 + 5 níveis de história exclusivos para desvendar o mistério por trás da invasão de Distorções.<br />
■ Narração engraçada sobre chá e magia!</p>
<p>MODO INFINITO DESAFIADOR<br />
■ Coloque suas habilidades de escuta à prova e concorra pela pontuação mais alta contra uma onda infinita de inimigos!<br />
■ Colete chapéus mágicos para aumentar suas chances de sobrevivência e continue mirando para aqueles doces pontos altos!</p>
<h1> <a href="https://store.steampowered.com/app/630640/SEQUENCE_STORM/">sequence storm jogo grátis. </a></h1>
<p>descrição</p>
<p>SOBRE ESTE JOGO<br />
ARCADE RHYTHM ACTION: Jogue do seu jeito! O jogo oferece suporte para 9 teclas, 5 teclas, 4 teclas e ainda mais! Jogue com um gamepad, teclado ou controladores de estilo arcade. Toque 28 faixas cada vez mais sinuosas com 5 dificuldades cada, oferecendo algo para todos, do casual ao insano. Desafie seus amigos no modo de tela dividida.</p>
<p>MODO DE CORRIDA EXCLUSIVO: acerte as notas para aumentar a velocidade e o poder e, em seguida, use habilidades especiais para ultrapassar a competição.</p>
<p>CAMPANHA DE HISTÓRIA: Siga Elijah Gale por 28 missões, com três dificuldades. Elijah é um engenheiro infeliz que acidentalmente encontra uma nova carreira lucrativa como &#8220;demônio&#8221;. Descubra um mundo onde as megacorporações encontraram um novo uso para as mentes humanas; fazendo seus lances digitais no The Sequence, onde a velocidade é a única coisa que importa. Ganhe créditos e atualize o equipamento de Elijah.</p>
<p>SEQUENCE STORM é gratuito para jogar! Aqui está o que você obtém de graça:<br />
&#8211; 28 faixas para jogar no fliperama<br />
&#8211; 28 missões de história<br />
&#8211; Teste suas habilidades em 10 sequências de teste<br />
&#8211; Tabelas de classificação de arcade<br />
&#8211; Editor de pistas<br />
&#8211; Oficina Steam</p>
<p>Confira o DLC para faixas extras, missões e personalizações!</p>
<h1> soul calibur 6</h1>
<p><a href="https://store.steampowered.com/app/544750/SOULCALIBUR_VI/"> </a></p>
<p>um menu simples até para um jogo de luta, soms que realmente te ajudam a se posicionar no campo de áudio.</p>
<p>mecânicas do game.</p>
<p>Borda de reversão<br />
Soulcalibur VI apresenta um novo recurso chamado Reversal Edge , que pode ser executado usando um único botão. Isso desencadeia uma troca em câmera lenta com um único botão de entrada de cada jogador, com o resultado decidido por uma versão muito mais complicada de pedra, papel e tesoura. A música de fundo também fica mais alta enquanto isso acontece.<br />
■ Armadura de ruptura faz com que um retorno a partir Soulcalibur IV e Soulcalibur V . Parece quebrar diferentes seções da armadura, como fez em Soulcalibur IV , e também parece afetar os estilos de cabelo. [9] [10]<br />
■ Outra nova mecânica de jogo é chamada de Golpe Letal , um sistema avançado em que acertar certos movimentos nas condições certas fará o oponente voar e marcar uma Quebra de Armadura após acertos suficientes.<br />
■ Os Impactos de guarda retornam ao jogo e são isentos de qualquer custo de medida.<br />
■ Critical Edge retorna de Soulcalibur V , praticamente inalterado. [11]<br />
■ Soul Charge retorna desde Soulcalibur III , completamente revisado. Isso pode fazer com que certos personagens se transformem em diferentes versões de si mesmos, concedendo habilidades especiais.<br />
■ Habilidades específicas do personagem é outra nova adição. Cada personagem tem uma característica única que os separa de outros além do modelo básico.</p>
<p>moodoos de jogo.</p>
<p>Modos de jogo<br />
■ Soul Chronicle &nbsp;é um novo modo de história, recontando os eventos do primeiro Soulcalibur através de um enredo principal e um enredo para cada personagem, incluindo Geralt de Rivia.<br />
■ Libra of Soul &nbsp;é um modo de história separado. O jogador&nbsp; cria seu próprio personagem e embarca em uma jornada.<br />
■ Batalha: Modo Arcade , Versus, Treinamento.<br />
■ A Criação de Personagem &nbsp;retorna ao jogo com semelhanças com Soulcalibur V e opções de criação adicionais, como corrida.<br />
■ Com o estilo de Geralt de Rivia disponível, é a primeira vez que o estilo de luta de um personagem convidado pode ser usado por personagens criados.<br />
■ Os estilos de personagens convidados subsequentes disponíveis incluem o estilo 2B e, mais tarde, o estilo de Haohmaru.<br />
■ Online : partida classificada, partida casual, classificações e repetição. [12]<br />
■ Museu. [12]</p>
<p>estágio.</p>
<p>O jogo apresenta &#8220;fases de assinatura do século 16&#8221;. [13] As etapas são:</p>
<p>Curiosidades</p>
<p>■ As fases têm um sistema de hora do dia em que a hora do dia muda durante cada rodada de batalha.</p>
<p>■ É o primeiro jogo da série a ser lançado para PC.<br />
■ Além disso, é o primeiro jogo da série a ser lançado em consoles domésticos de oitava geração.<br />
■ É o primeiro jogo sem trajes alternativos padrão para os personagens, substituindo-os por trocas de paletas dos trajes principais. No entanto, como em Soulcalibur IV e Soulcalibur V , os personagens podem ser personalizados para ter fantasias adicionais. [15]<br />
■ Este é o terceiro jogo a ter mais de um convidado desde Soulcalibur IV e o segundo jogo a ter convidados de mais de uma série de convidados desde Soulcalibur II (principalmente na versão HD apenas, ao invés dos exclusivos anteriores baseados em console).<br />
■ Algumas armas secundárias de personagens agora têm um nome diferente do primeiro. Antes, a primeira e a segunda armas dos personagens tinham o mesmo nome.<br />
■ A lista de base não tem um único personagem jogável de retorno debutado em Soulcalibur IV &#8211; V (alguns personagens debutados em V podem ser deixados de fora devido às suas idades e status na linha do tempo pré- V , a menos que a viagem no tempo se tornasse enredo principal desde Zasalamel, Amy e Episódios de Cassandra, caso a expansão da história seja lançada), respectivamente, deixando-os como personagens DLC em potencial para as próximas temporadas.<br />
■ Em 25 de novembro de 2019, uma nova atualização introduziu novos movimentos para todos os personagens, adicionando novas possibilidades de combinação e novas maneiras de superar situações difíceis. Para fornecer ainda mais profundidade ao jogo, duas novas Mecânicas de Batalha utilizáveis ​​por todos os personagens também foram adicionadas:</p>
<h1> naruto storm 1</h1>
<p><a href="https://store.steampowered.com/app/495140/NARUTO_Ultimate_Ninja_STORM/"> </a></p>
<h1> naruto storm 2</h1>
<p><a href="https://store.steampowered.com/app/543870/NARUTO_SHIPPUDEN_Ultimate_Ninja_STORM_2/"> </a></p>
<h1> naruto storm 3</h1>
<p><a href="https://store.steampowered.com/app/234670/NARUTO_SHIPPUDEN_Ultimate_Ninja_STORM_3_Full_Burst_HD/?l=portuguese"> </a></p>
<h1> naruto storm 4</h1>
<p><a href="https://store.steampowered.com/app/349040/NARUTO_SHIPPUDEN_Ultimate_Ninja_STORM_4/?l=portuguese"> </a></p>
<h1> the king of fighter 98, 2002, e 13 em um só pacote.</h1>
<p><a href="https://store.steampowered.com/sub/64698/?l=portuguese">compre neste link </a></p>
<p>por enquanto é só isso na lista se faltou algo, venho aqui corrigir em-breve.</p>
<p>vamos aos tutoriais.</p>
<h2> tutoriais.</h2>
<h2> 1</h2>
<p>melty blood.</p>
<p>menu do melty blood.</p>
<p>ao entrar no jogo precione qualquer tecla, depois você estará focado na opição arcade.</p>
<p>a estrutura do menu estará assim.</p>
<p>opição focada com cursor inicialmente.</p>
<p>arcade.</p>
<p>opição abaixo.</p>
<p>versos.</p>
<p>depois de versos é.</p>
<p>treinamento.</p>
<p>depois é.</p>
<p>opitions/configurações.</p>
<p>depois.</p>
<p>multplayer/jogar online.</p>
<p>depois.</p>
<p>sair.</p>
<p>aqui está 2 links para configuração de teclado para ficar confortável para todos.</p>
<p>a, golpe fraco, s, golpe médiu, d, golpe mais forte.</p>
<p>z e x. teclas espciais.</p>
<p>setas, teclas de movimento.</p>
<p>enter, tecla  de interação.</p>
<p>baixe e subistitua todos os arquivos contidos em:  c:\Program Files (x86)\steam\steamapps\common\MELTY BLOOD Actress Again Current Code\System</p>
<p>keyboard-config.ini <a href="https://www.dropbox.com/s/u4ccz3gk4giz7kv/_KeyboardConfig.ini?dl=1">baixe aqui. </a></p>
<p>key config.ini <a href="https://www.dropbox.com/s/fgr10f9gnlv8rh6/_KeyConfig.ini?dl=1"> baixe aqui </a></p>
<p>fileira de personagens.</p>
<p>5 fileiras com 5 personagens cada.</p>
<h2> 2</h2>
<p>nitroplus blaster, heroins infinity duel.</p>
<p>ps: esse jogo está pendente. devido a alguns bugs em seu arquivo de configuração, mas&#8230; ele é jogável com as configurações iniciais do jogo.</p>
<p>quando o jogo iniciar,  aperte letra jota para iniciar.</p>
<p>depois aperte j de novo se quiser jogar o modo história.</p>
<p>os personagens são divididos em fileiras.</p>
<h2> 3</h2>
<p>code of princess.</p>
<p>as explicações para esse jogo é simples, e fizemos um tutorial em vídeo para você entender menus, modo de jogabilidade e mais.</p>
<p>veja aqui <a href="https://youtu.be/hxGrnpz_4zw">neste link </a></p>
<h2> 5</h2>
<p>jogos como naruto storm do 1 ao 4, os cavaleiros do zodiáco alma dos soldados, street fighter x tekken, ultra street fighter 4, kof 98 ao 14, skullgirls,</p>
<p>mais.<br />
jogos. pode obter explicação mais técnica neste <a href="https://youtube.com/playlist?list=PLn0AvYhy1XQVOJD7mL8NbsvgXU_LX2ARI"> link </a></p>
<h2> 6</h2>
<p>jogos como sequence storm, a western drama,  áudio wizards, a blind legend e skullgirls ja vem com o leitor de tela integrado, lógo não precisa de muita explicação complicada.</p>
<h2> 7</h2>
<p>space channel 5 parte 2.</p>
<p>um tutorial simplificado em vídeo pode ser encontrado aqui.</p>
<p><a href="https://youtu.be/Ko12K0VQ2nY">neste link </a></p>
<h2> 8</h2>
<p>soul calibur.</p>
<p>menu simples de jogabilidade.</p>
<p>a primeira opição focada no menu é é modo história.</p>
<h2> 9</h2>
<p>the last blade 2.</p>
<p>estrutura do menu.</p>
<p>Normal Mode.</p>
<p>Multiplayer.</p>
<p>Trainin.</p>
<p>Options.</p>
<p>Gallery.</p>
<p>Leaderboards.</p>
<p>Achievements.</p>
<p>Quit.</p>
<h2> 10</h2>
<p>samurai showdown v especial.</p>
<p>estrutura do menu.</p>
<p>MODO NORMAL.</p>
<p>dentro do modo normal temos.</p>
<p>versos.</p>
<p>agora voltando ao menu principal.</p>
<p>MULTe-JOGADOR.</p>
<p>TREINAMENTO.</p>
<p>OPÇÕES.</p>
<p>GALERIA.</p>
<p>PLACARES DE lideres.</p>
<p>CONQUISTAS.</p>
<p>SAIR.</p>
<h2> 11</h2>
<p>koihime enbu ryo rai rai.</p>
<p>quando entrar no jogo, aperte enter.</p>
<p>você estará no menu principal.</p>
<p>estrutura do menu.</p>
<p>modo arcade/ história.</p>
<p>versos.</p>
<p>treinamento.</p>
<p>jogar online.</p>
<p>replay.</p>
<p>galeria.</p>
<p>opições.</p>
<p>sair.</p>
<p>aguardem a parte 2 pessoal.</p>
]]></content:encoded>
					
					<wfw:commentRss>https://github.com/azurejoga/azurejoga.github.io/lista-de-jogos-acessiveis-e-nao-acessiveis-na-steam-para-cegos.html/feed</wfw:commentRss>
			<slash:comments>0</slash:comments>
		
		
			</item>
		<item>
		<title>lista de jogos acessíveis  para android</title>
		<link>https://github.com/azurejoga/azurejoga.github.io/lista-de-jogos-acessiveis-para-android.html</link>
					<comments>https://github.com/azurejoga/azurejoga.github.io/lista-de-jogos-acessiveis-para-android.html#comments</comments>
		
		<dc:creator><![CDATA[azure]]></dc:creator>
		<pubDate>Sat, 24 Oct 2020 18:43:46 +0000</pubDate>
				<category><![CDATA[Sem categoria]]></category>
		<guid isPermaLink="false">https://azurejoga.000webhostapp.com///?p=28</guid>

					<description><![CDATA[jogos para android acessíveis fala pessoal, vindo aqui fazer essa lista para android, com vários jogos legais e rechiado de muito conteudo. entre no nosso grupo do telegram para dúvidas de jogos, pedidos, sugestões e mais. link do nosso canal no youtube. link para o google tradutor. isso serve para alguns jogos para as pessoas&#8230; <a class="more-link" href="https://github.com/azurejoga/azurejoga.github.io/lista-de-jogos-acessiveis-para-android.html">Continue reading <span class="screen-reader-text">lista de jogos acessíveis  para android</span></a>]]></description>
										<content:encoded><![CDATA[<p><meta charset="UTF-8"></p>
<p><title> jogos para android acessíveis </title></p>
<p>fala pessoal, vindo aqui fazer essa lista para android, com vários jogos legais e rechiado de muito conteudo.</p>
<ol>
<li> <a href="https://t.me/joinchat/LS9GOkkJqkDIEHohzKWxWA">entre no nosso grupo do telegram para dúvidas de jogos, pedidos, sugestões e mais. </a></li>
<li> <a href="https://www.youtube.com/c/eternallegend1">link do nosso canal no youtube. </a></li>
<li> <a href="https://play.google.com/store/apps/details?id=com.google.android.apps.translate">link para o google tradutor. isso serve para alguns jogos </a></li>
</ol>
<p>para as pessoas  que dizem que meu trabalho é ruim ou que tem poucos jogos, para vocês falarem isso realmente vocês precisam de alguns requisitos.</p>
<ol>
<li> deve saber um pouco sobre sites e html</li>
<li> deve ficar dias e noites sem dormir procurando jogos, prejudicando a sua saúde, para a maioria das vezes seu trabalho não ser recompensado</li>
</ol>
<p>para a maioria de cegos mal agradecidos que fazem a comunidade daqui um lixo completo.<br />
eu gostava da época que eu era da comunidade vidente, pelo menos ela é um pouco, eu digo um  pouco mais unida.</p>
<h1> jogos atualizados que chegaram até o momento.</h1>
<p><a href="https://play.google.com/store/apps/details?id=vnspeak.android.chess&amp;hl=en_US&amp;gl=US">chessback jogo de xadrez acessível </a></p>
<h2> descrição</h2>
<p>O ChessBack é um aplicativo de xadrez pequeno, sem anúncios, mas com todos os recursos, para iniciantes e também para jogadores de xadrez profissionais.</p>
<p>Especialmente, é totalmente acessível e permite que jogadores de xadrez cegos e deficientes visuais joguem xadrez online com milhões de jogadores em todo o mundo!</p>
<p>Os recursos gratuitos:<br />
&#8211; Jogue offline: Humano x Humano, Humano x Android<br />
&#8211; Prática: pratique com sequências de companheiros forçados retiradas dos jogos do Grande Mestre.<br />
&#8211; Quebra-cabeças: resolver quebra-cabeças Mate-em-dois.<br />
&#8211; Jogue online: jogue online com jogadores do FICS (Free Internet Chess Server).</p>
<p>Recursos incluídos no pacote ChessBack Pro para usuários inscritos: &#8211; Envio de seus jogos para aplicativos de mecanismo de xadrez de terceiros. Como começar a jogar no Lichess:<br />
&#8211; Jogar online no Lichess,<br />
&#8211; Assistir aos principais torneios de xadrez ao redor do mundo online,</p>
<p>&#8211; Crie uma conta lichess em https://lichess.org/signup<br />
&#8211; Faça login e crie o token de API em https://lichess.org/account/oauth/token/create? . Não se esqueça de ativar todos os escopos, exceto o último &#8220;Jogue com a API do bot&#8221;.<br />
&#8211; Agora você pode fazer login no Lichess no ChessBack usando o nome de usuário e o token de API gerado.</p>
<p>Atenção: &#8211; Muito obrigado a Ana G., Ikrami Ahmad, Claudio Garanzini, Lucas Radaelli, Milos Przic, Александр pela tradução para o espanhol, árabe, italiano, português, sérvio e russo.<br />
&#8211; O ChessBack joga no Lichess através da API Lichess aberta que tem muitas limitações em comparação com o aplicativo Lichess padrão.<br />
&#8211; Se você quiser jogar o ChessBack em seu idioma que não é compatível com o ChessBack no momento, enviaremos um arquivo de recurso de string em inglês para você traduzir para o seu idioma!</p>
<p><a href="https://orteil.dashnet.org/cookieclicker/">cookie clicker </a></p>
<h2> descrição</h2>
<p>O jogo original onde você faz biscoitos para dominar o universo!<br />
Este é o aplicativo oficial Cookie Clicker da Orteil &amp; Opti. Não aceite substitutos!</p>
<p>• Toque em para fazer cookies e depois compre itens que façam cookies para você. Em seguida, toque em mais alguns!<br />
• Centenas de atualizações e conquistas para desbloquear.<br />
• O jogo continua enquanto seu telefone está fechado, então você pode configurar sua padaria ideal e retomar mais tarde para colher os deliciosos lucros!<br />
• Arte em pixel e texto de sabor cuidadosamente elaborados!<br />
• Ascenda para obter atualizações transcendentais permanentes!<br />
• Cuidado com as avós!</p>
<p><a href="https://play.google.com/store/apps/details?id=com.cnx.endlesstales">endless tale&gt; </a></p>
<h2> descrição</h2>
<p>Este é um rpg baseado em texto com um grande mundo, muitas missões e coisas para fazer. A escolha é conduzida, mas o combate é baseado em turnos, há um sistema de nível e habilidade, e muitos recursos para coletar, gerenciar e fazer coisas. Existem 3 classes iniciais com suas próprias habilidades para aprender. O jogo também tem um sistema de tempo que prova como você trabel e faz as coisas. Há também música e som ajustáveis ​​para aprimorar ainda mais sua experiência. O jogo é totalmente gratuito, mas você pode assistir a anúncios para ganhar recompensas extras ao terminar batalhas e missões.<br />
Funciona normalmente com o talkback, apenas certifique-se de que lê os botões não etiquetados. Na tela de estatísticas, o primeiro número após o XP necessário para aumentar o nível é sua saúde, próximo é sua mana e a seguir é sua fome. Após a conclusão de uma batalha ou missão, o primeiro número é o ouro ganho, o próximo é o XP ganho e, em seguida, o que mais. Espero que gostem. Há muito em que se aprofundar, então, divirta-se.</p>
<p><a href="https://play.google.com/store/apps/details?id=com.ivproductions.furydriver1">fury driver </a></p>
<h1> descrição</h1>
<p>Fury Driver é um audiogame focado em exploração e combate / corrida que conta a história de Vergil, um policial que recebeu a tarefa de prender o maior chefão da máfia em Moon City, uma metrópole mergulhada no crime. Para isso, terá que chamar a atenção do patrão ao derrotar os melhores pilotos da cidade nos “Moonwalks”, corridas de carros sem regras. Todos em Moon City são loucos por eles, especialmente o submundo do crime &#8211; afinal, apenas um motorista notável pode fugir da polícia e de outras gangues depois de atacá-los.</p>
<p><a href="https://play.google.com/store/apps/developer?id=Choice+of+Games+LLC">todos os jogos da impresa Choice of Games LLC </a></p>
<h1> descrição</h1>
<p>aqui eestão todos os jogos dessa impresa. coloquei aqui  visto que eles só fazem jogos de texto.<br />
são apenas games books padrão, sem gráficos ou efeitos sonoros.<br />
espero que se divirtam!<br />
btw, jogos apenas em englês, usem o tradutor do jieshuo!</p>
<p><a href="https://pern-my.sharepoint.com/personal/ruqayya_0343431_talmeez_pk/Documents/bhp%20data/android/Lost_Heir_2_Forging_a_Kingdom1.1.5(Downloaded-From-BlindHelp.net).apk?originalPath=aHR0cHM6Ly9wZXJuLW15LnNoYXJlcG9pbnQuY29tLzp1Oi9nL3BlcnNvbmFsL3J1cWF5eWFfMDM0MzQzMV90YWxtZWV6X3BrL0VmMUFGN3FsOWhkQ3JzOWV0c">Lost Heir 2 Formando um Reino </a></p>
<h1> descrição</h1>
<p>Una o reino para recuperar sua capital!<br />
Você precisará de dragões, elfos e talvez até demônios para vingar o assassinato de seus pais neste épico de fantasia!<br />
Em &#8220;The Lost Heir 2&#8221;, você continuará como o príncipe ou princesa de Daria deslocada de seu palácio após o assassinato de seus pais.<br />
• Traição de rosto<br />
• buscar romance<br />
• lute contra os inimigos na guerra<br />
• e navegue nas intrigas do tribunal.<br />
O destino do reino de Daria está em suas mãos.<br />
&#8220;The Lost Heir 2&#8221; é um romance de fantasia interativo de 250.000 palavras de Mike Walter &#8211; o segundo de uma trilogia &#8211; em que suas escolhas controlam a história. O jogo é inteiramente baseado em texto &#8211; sem gráficos ou efeitos sonoros &#8211; e alimentado pelo vasto e imparável poder de sua imaginação.<br />
Notas:<br />
Requer Android 4.0 e superior</p>
<p><a href="https://pern-my.sharepoint.com/personal/ruqayya_0343431_talmeez_pk/Documents/bhp%20data/android/Lost_Heir_The_Fall_of_Daria(Downloaded-From-BlindHelp.net).apk?originalPath=aHR0cHM6Ly9wZXJuLW15LnNoYXJlcG9pbnQuY29tLzp1Oi9nL3BlcnNvbmFsL3J1cWF5eWFfMDM0MzQzMV90YWxtZWV6X3BrL0VRak83Y0JDRDE1RHFIYWgxNGI4X2tv">o herdeiro do reino!  </a></p>
<h1> descrição</h1>
<p>Retire o trono que era seu por direito! Quando usurpadores invocadores de demônios assassinam o rei e a rainha, o direito de governar recai sobre você, seu único filho. Desenvolva seu próprio príncipe ou princesa, descobrindo um mundo de fantasia, magia, mistério e aventura.<br />
&#8220;The Lost Heir: The Fall of Daria&#8221; é um romance épico de fantasia interativa de 145.000 palavras de Mike Walter &#8211; o primeiro de uma trilogia &#8211; em que suas escolhas controlam a história. O jogo é inteiramente baseado em texto &#8211; sem gráficos ou efeitos sonoros &#8211; e alimentado pelo vasto e imparável poder da sua imaginação.<br />
Desenvolva seu próprio príncipe ou princesa, para sempre ou:<br />
• mal! Torne-se um nobre cavaleiro<br />
• um ladrão ganancioso<br />
• um padre malvado<br />
• um druida amante da natureza<br />
• um bardo charmoso<br />
• um assassino mortal<br />
• um monge sábio<br />
• um ranger bem viajado<br />
• um clérigo marcial<br />
• um padre gentil<br />
• um bandido brutal<br />
• um guarda constante<br />
• um mago poderoso<br />
ou qualquer combinação que você escolher.<br />
Alteza, o reino de Daria espera por você<br />
• Jogue como homem ou mulher, gay ou hetero.<br />
• Busque interesses amorosos, faça amigos ou seja um solitário.<br />
• Descubra os mistérios da invocação de demônios.<br />
• Descubra e colete itens e tesouros mágicos lendários.<br />
Notas:<br />
Requer Android 4.0 e superior</p>
<p><a href="https://play.google.com/store/apps/details?id=com.LuisBorges.MV&amp;hl=pt_BR&amp;gl=US">mala vermelha </a></p>
<h1> descrição</h1>
<p>Em &#8220;Mala Vermelha&#8221; você viverá uma história interativa de investigação na pele da Policial Muriel. Entediada na cidade pequena, Muriel tem sua vida alterada quando uma mala vermelha aparece no meio da cidade. É o início da aventura de Muriel, tentando capturar um assassino, antes que ele termine seu plano.</p>
<p>Você tomará as decisões durante a investigação, levando Muriel aos mais diversos locais da cidade, em busca de pistas para desvendar o padrão do assassino. Enfrente não só o assassino, mas como os cidadãos da cidade.</p>
<p>Totalmente em português, &#8220;Mala Vermelha&#8221; faz com que cada detalhe apresentado na história, possa ser utilizado para desvendar o enigma do assassino. Cada decisão a levará a um destino diferente.</p>
<p>Com múltiplos finais, &#8220;Mala Vermelha&#8221; fará com que você escolha qual o melhor desfecho para o seu estilo de jogo. Não existe certo ou errado. Você decide.</p>
<p><a href=" https:=" "="" play.google.com="" store="" apps="" details?id="com.rpg.gauntlet&quot;"> gauntlet </a></p>
<h1> descrição</h1>
<p>Um RPG Roguelike baseado em turnos com estilo lo-fi / Dungeon Crawler</p>
<p>Uma experiência de arcade com a mecânica de RPG Roguelike.</p>
<p>No The Gauntlet, leve seu grupo de 3 personagens para uma batalha contra monstros baseada em turnos. Ao avançar pelos andares, seus personagens sobem de nível e aprendem novas habilidades.</p>
<p>Graficamente, o The Gauntlet apresenta uma paleta lo-fi superestilosa sobre sprites clássicos de pixel art.</p>
<p><a href=" https:=" "="" play.google.com="" store="" apps="" details?id="com.codevelop.serania1&quot;">serania </a></p>
<h1> descrição.</h1>
<p>É um jogo de ficção interativo baseado em escolhas com elementos de RPG como combate, estatísticas de personagens e movimento livre. Situado em um mundo de fantasia medieval inspirado na cultura nórdica, você joga como um aldeão, que de repente está sendo caçado pelos soldados Blackblade do rei por algum motivo. Você deve escapar e explorar o reino para encontrar aliados e pistas sobre sua ancestralidade para resolver o mistério.<br />
O jogo tem efeitos sonoros e música para adicionar à atmosfera da história. Tive o privilégio de trabalhar junto com alguns jogadores cegos durante o teste beta para ajustar a experiência do VoiceOver e TalkBack. Espero que goste do resultado.</p>
<p><a href="https://play.google.com/store/apps/details?id=before.cabin">última torre 1 </a><br />
<a href="https://play.google.com/store/apps/details?id=before.omphalosstone">livro 2: ompalhosstone </a><br />
<a href="https://play.google.com/store/apps/details?id=before.obsidianshard">livro 3: fragmento de obsidiana </a></p>
<h2> descrição</h2>
<p>A história: Você acorda amarrado e deitado em uma cama improvisada em uma prisão subterrânea sem quase nenhuma lembrança do que aconteceu com você. Aventuras, mistérios e descobertas esperam por você, mas primeiro você precisa escapar com vida.<br />
Está muito bem escrito, quase sem erros ortográficos ou gramaticais que consegui encontrar. Todos os três livros usam o mesmo mecanismo de jogo acessível. Até mesmo as seções do quebra-cabeça parecem acessíveis, exigindo um estilo de jogo idealizador, onde você precisa inserir uma sequência de código na ordem correta. .</p>
<p><a href="https://play.google.com/store/apps/details?id=com.Company.FantasyStory2">fantasy story 2 </a></p>
<h2> descrição</h2>
<p>Um RPG de ação online 2D com um sistema de habilidades simples.</p>
<p>Este jogo é um RPG de ação online 2D com um sistema de habilidades simples.<br />
Lute, colete e produza no mundo de fantasia de espadas e magia.<br />
Vamos fazer uma viagem de aventura com nossos amigos!</p>
<p>◆ Pontos de jogo<br />
・ 23 tipos de habilidades que podem ser aumentadas e diminuídas livremente<br />
・ Batalhas altamente acionáveis, como espadas e magia<br />
・ Coleta de minério, corte de árvores, captura de peixes, etc.<br />
・ Produção de ferraria<br />
. auquimia</p>
<p>feito por: azure.<br />
membro da eternal legend.<br />
eternal legend copyright 2018/2020</p>
<p>qualquer outras cópias feitas deste arquivo, não é de sua responsabilidade.</p>
<p>vamos aos links.</p>
<p>antes disso queria dizer que o zargon/zargonbr, me ajudou contribuindo com esse belo trabalho de fornecer os links&#8221;);</p>
<h1> town of stone</h1>
<p>este jogo é um rpg!<br />
infelismente ele foi removido da play store,<br />
ele está disponível para download;</p>
<p><a href="https://drive.google.com/file/d/17F0adB2yqdW0NBAksG6gNM9onZjnsdf1/view?usp=drivesdk">neste link </a></p>
<h1> adark room</h1>
<p>este jogo é jogável pelo navegador<br />
ele possui som e é totalmente acessível.&#8221;)</p>
<p><a href="http://adarkroom.doublespeakgames.com/">clique aqui para começar a jogar em seu navegador. </a></p>
<h2> wizards</h2>
<p>outro rpg que é acessível, com uma jogabilidade bacana<br />
recomendo&#8221;)</p>
<p><a href="https://apkpure.com/br/wizards-rpg/com.alderangaming.wizards1">clique aqui para fazer o download </a></p>
<h3> wizards2</h3>
<p>seguindo o rpg acima mais um rpg acessível<br />
da continuação do wizards 1 segue o link para download&#8221;);</p>
<p><a href="https://apkpure.com/wizards-2-rpg/com.alderangaming.wizards2">clique aqui para fazer o download </a></p>
<h4> The Earwitness</h4>
<p>um jogo de investigação criminal com um enredo interessante<br />
vale apena testar&#8221;);</p>
<p><a href="https://apkpure.com/the-earwitness/com.skymedium.theearwitness/download?from=details">clique aqui para fazer o download direto </a></p>
<h5> a escolha</h5>
<p>um rpg, como diz o nome<br />
a escolha!.<br />
rpg com direito a música.&#8221;);</p>
<p><a href="https://play.google.com/store/apps/details?id=br.com.ihsoft.rpg.aescolha">clique aqui para fazer o download </a></p>
<h6> drean land</h6>
<p>este jogo muitos podem conhecer,<br />
mais outros não.<br />
eu vos apresento o drean land!<br />
um jogo rpg completo para android<br />
vocÊ pode lutar em tempo real<br />
pode subir de nível,<br />
aprender habilidades,<br />
casar com outros personagens.<br />
isso tudo interalmente em áudio, o problema dele é que depois de um tempo fica muito p2w, e repetitivo.<br />
para iniciante é bom.&#8221;);</p>
<p><a href="https://scwl-1251129685.cos.ap-shanghai.myqcloud.com/dreamland/Android/ShouChuang/DreamLand.apk">clique aqui para fazer download direto </a></p>
<h1> Audio archery</h1>
<p>este jogo é simples mais é divertido!<br />
como diz o nome do jogo, é um jogo de arqueria disponivel para android.<br />
ele foi feito interalmente em áudio tem que desativar o leitor de tela para jogar<br />
vamos jogar!.&#8221;);</p>
<p><a href="https://agarchive.net/games/lworks/net.l_works.audio_archery.apk">clique aqui para fazer o download direto </a></p>
<h2> audio game hub</h2>
<p>este jogo possui vários jogos em um só<br />
digo que ele é interessante e também tem sons que realmente faz o jogador teruma grande imersão.<br />
vocÊ só pode jogar um jogo uma vÊz só depois disso pague para jogar!&#8221;);;</p>
<p><a href="https://play.google.com/store/apps/details?id=com.AUT.AudioGameHub">clique aqui para fazer o download </a></p>
<h2> engkwentro</h2>
<p>desculpe dizer isso mas&#8230;<br />
eu prefiro este jogo ao a blind legend, apezar de ele ter quase as mesmas mecánicas<br />
acredito que este jogo seja melhor em questão de som,<br />
em questão de jogabilidade,<br />
e até em níveis.<br />
com tudo isso dito link para download está&#8221;);</p>
<p><a href="https://d-04.winudf.com/b/apk/Y29tLktpdC5Qcm9kdWN0TmFtZV85X2JjM2YwMzUx?_fn=RW5na3dlbnRyb192MS4wX2Fwa3B1cmUuY29tLmFwaw&amp;_p=Y29tLktpdC5Qcm9kdWN0TmFtZQ&amp;am=VJoRrnXxRmatDM6yEPXh3Q&amp;at=1623464927&amp;k=cc0f7a704b91f49d6d8379bb83d1eec860c56d61">aqui </a></p>
<h3> blind quest</h3>
<p>apezar da jogabilidade ser simples e não ser acessível com o leitor de tela e sim com o narrador do menu,<br />
ele pode trazer horas de diversão para vocÊ&#8221;);</p>
<p><a href="https://play.google.com/store/apps/details?id=com.ivproductions.blindquest">clique aqui para baixar </a></p>
<h4> puzzle feed blind</h4>
<p>este jogo de quebra cabeça verdadeiramente fará você quebrar a sua cabeça de tanto se divertir&#8221;);</p>
<p><a href="https://play.google.com/store/apps/details?id=com.oxothuk.puzzlefeedblind">clique aqui para baixar </a></p>
<h5> áudiomagos</h5>
<p>este jogo super divertido chamado audiomagos veio para inovar.<br />
com mecánicas divertidas de se jogar,<br />
jogabilidade suave,<br />
ótimos sons,<br />
um áudio game totalmente acessível.<br />
obs&#8230; ele está em espanhol&#8221;);</p>
<p><a href="https://play.google.com/store/apps/details?id=com.myTrueSound.AudioMagos">clique aqui para fazer o download </a></p>
<h6> frequency missing</h6>
<p>um jogo intrigante e divertido que irá o prender por horas.<br />
será que vocÊ ficará com medo?<br />
ou disvendará este mistério.&#8221;);</p>
<p><a href="https://play.google.com/store/apps/details?id=se.his.frequency.missing">aqui está o link para baixar </a></p>
<h3> OSM online futeball manager.</h3>
<p>este jogo vocÊ gerencia o seu time de futeball,<br />
o único ponto negativo dele  é que o jogo está em modo paisagem.&#8221;);</p>
<p><a href="https://play.google.com/store/apps/details?id=com.gamebasics.osm">aqui está o link de download </a></p>
<h4> duel rpg fantasy</h4>
<p>este jogo confesso que me viciou por horas e ainda hoje jogo o mesmo!.<br />
os sons são ótimos,<br />
jogabilidade é incrível  e mais&#8221;);</p>
<p><a href="https://play.google.com/store/apps/details?id=hu.adamvarhegyi.duelsrpg.cult">clique aqui para baixar </a></p>
<h2> grin quest</h2>
<p>este jogo também me viciou por horas, belos sons jogabilidade exelente e claro! é acessível</p>
<p><a href="https://play.google.com/store/apps/details?id=com.grimdev.grimquest">clique aqui para fazer o download do jogo </a></p>
<h4> simples MMO rpg</h4>
<p>um rpg simples,<br />
mais garante tempos e tempos de diverção em inglês.<br />
é online&#8221;);</p>
<p><a href="https://play.google.com/store/apps/details?id=dawsn.simplemmo">clique aqui para download </a></p>
<h3> untold</h3>
<p>um jogo que tem uma parte do modo historia para jogar grátis,<br />
depois disso tems de pagar. posso garantir que não vai se arrepender de pagar&#8221;);</p>
<p><a href="https://play.google.com/store/apps/details?id=com.gotterdammerung.untold">clique aqui para download do jogo </a></p>
<h5> path of adventure</h5>
<p>na época que eu joguei este jogo, ele ja estava acessível,<br />
mais com minha aprendizagem em idioma estava ruim me inpocibilitou de eu jogar.<br />
para isso temos a tradução do jieshuo.   解说<br />
mais hoje eu uso esta tradução e jogo sem nenhum problema.<br />
na própria desc do jogo o desinvolvedor enfatisa que o jogo  é acessível.<br />
então não podemos reclamar de acessibilidade&#8221;);</p>
<p><a href="https://play.google.com/store/apps/details?id=com.keeweed.pathofadventure">link para download do jogo aqui </a></p>
<h2> titan conquest</h2>
<p>este jogo eu não joguei muito, mais posso dizer pelo que eu joguei que é suficientemente acessível.&#8221;);</p>
<p><a href="https://play.google.com/store/apps/details?id=com.firestream.titanconquest">link para baixar aqui </a><br />
aviso!<br />
pessoal a maioria dos jogos estão em inglÊs e podem ser traduzidos com o tradutor do jieshuo.<br />
a falta de desenvolvedores brasileiros no mundo dos jogos para cegos é uma lástima.&#8221;);</p>
<p>dito isso, vamos continuar&#8221;);</p>
<h2> caverna colossal</h2>
<p>neste clássico jogo revivendo a nostalguia de muitos do dosvox desponivel acessível para android.<br />
vale apena jogar.<br />
se divirta&#8221;);</p>
<p><a href="https://play.google.com/store/apps/details?id=com.ecsoftwareconsulting.adventure430">clique aqui para baixar </a></p>
<h3>  dungeons master</h3>
<p>este jogo vocÊ precisa usar o modo parágrafo do talkback para jogar<br />
pois ele está em apenas uma linha,<br />
e não em várias! o que torna definitivamente chato  de manusear.&#8221;);</p>
<p><a href="https://play.google.com/store/apps/details?id=com.rickrodin.dungeonmaster">clique aqui para download </a></p>
<h2> darkness cometh</h2>
<p>um jogo de construção por turno acessível.<br />
ps( cuidado pois vocÊs ficarão putos com  o final do jogo&#8221;);</p>
<p><a href="https://m.apkpure.com/br/darkness-cometh-text-adventure/dravic.myapplication/download?from=details">clique aqui para download </a></p>
<h3> academy of disasters</h3>
<p>mais um jogo acessível,<br />
rpg de texto para android.&#8221;);</p>
<p><a href="https://play.google.com/store/apps/details?id=org.hostedgames.academyofdisaster">baixe aqui </a></p>
<h4> dracula land 1</h4>
<p>quem gosta dos jogos do dracula.<br />
apresentamos dracula land!.&#8221;);</p>
<p><a href="https://play.google.com/store/apps/details?id=net.versificator.draculaland1">baixe neste link </a></p>
<h2> accessible memory</h2>
<p>um jogo de memoria para deficientes visuais.<br />
por motivos que não sabemos, isso está em demo&#8221;);</p>
<p><a href="https://play.google.com/store/apps/details?id=hu.gersoft.accessiblememory">clique aqui para baixar </a></p>
<h4> interpretador de texto da infocom</h4>
<p>este é um interpretador de texto para jogar jogos de aventura,<br />
da infocom.<br />
eles tem jogos ótimos e recomendo.&#8221;);</p>
<p><a href="https://play.google.com/store/apps/details?id=uk.addie.xyzzy">clique aqui para baixar </a><br />
download do pacote com todos os jogos de aventura da infocom.<br />
clique&#8221;);</p>
<p><a href="https://drive.google.com/file/d/18r8cu7IPRZ3e_v6--oh44QRTl3IfMOoO/view?usp=drivesdk">aqui </a></p>
<h3> delightgames</h3>
<p>todos os jogos da delightgames em um só em um aplicativo.<br />
ps alguns são pagos.&#8221;);</p>
<p><a href="https://play.google.com/store/apps/details?id=com.delightgames.delightgames">aqui está o link </a></p>
<h2> saga horror jogos de texto</h2>
<p>estes jogos possuem botões na tela, não precisa digitar. cuidado para não molhar as cuecas.&#8221;);</p>
<p><a href="https://play.google.com/store/apps/details?id=nz.co.karmicshift.horror1redux">horror1 redux </a><br />
<a href="https://play.google.com/store/apps/details?id=nz.co.karmicshift.horror2a">horror2a </a><br />
<a href="https://play.google.com/store/apps/details?id=nz.co.karmicshift.horror3">horror3 </a><br />
<a href="https://play.google.com/store/apps/details?id=nz.co.karmicshift.horror4">horror4 </a></p>
<h3> dragon trader</h3>
<p>não vou dizeres que me deve, pois eu estaria sendo muito mentiroso.<br />
veja bem&#8230;. estou pensando, eu azure. sim! vocÊ me deve&#8221;);</p>
<p><a href="https://play.google.com/store/apps/details?id=com.chfil.dragontrader">link aqui </a></p>
<h2> espace trader</h2>
<p>espace trader! será que tu morrerás rápido?&#8221;);</p>
<p><a href="https://play.google.com/store/apps/details?id=de.anderdonau.spacetrader">link para baixar </a></p>
<h3> saga de jogos da xyrality</h3>
<p>saga de jogos da xyrality.<br />
famosos no mercado por trazer jogos de texto e gráficos e estratégias complexas para todos!&#8221;);</p>
<p><a href="https://play.google.com/store/apps/details?id=com.xyrality.crazytribes.googleplay">craze tribes </a><br />
<a href="https://play.google.com/store/apps/details?id=com.xyrality.celtictribes.googleplay">celtc tribes </a></p>
<h3> fichopolis</h3>
<p>mais um jogo de texto.<br />
cuidado com isso!.&#8221;);</p>
<p><a href="https://play.google.com/store/apps/details?id=com.weebly.fishopolis.adesaw">link para baixar </a></p>
<h3> shakes and fidgets classic</h3>
<p>este jogo sendo zoeiro ao mesmo tempo,<br />
ele é divertido! podes encontrar desde uma armadura de coelho rosa, até um pão como arma&#8221;);</p>
<p><a href="https://play.google.com/store/apps/details?id=com.playagames.shakesfidgetclassic">link para download aqui </a></p>
<h3> drug lord</h3>
<p>este jogo é sobre um funkeiro do rio de janeiro.<br />
ou seja um lord das drogas! fique por sua  conta em risco!.&#8221;);</p>
<p><a href="https://play.google.com/store/apps/details?id=com.cj.druglord2">aqui está o link </a></p>
<h2> the artefact</h2>
<p>se gostas de jogos de terror vai adorás esse jogo.<br />
ele está atualmente em demo, mais ja possui 1 capitulo e algumas outras coisas para vocÊ jogar.<br />
cuidado para não se molhares&#8221;);</p>
<p><a href="https://play.google.com/store/apps/details?id=com.oceanstream.tam">link para download aqui </a></p>
<h3> Forbidden Valley &#8211; Text Adventure</h3>
<p>mais um jogo de rpg textual,<br />
serás que consegue explorar sem morrer?<br />
será que consegue virar um famoso arquiologo como seu pai?&#8221;);</p>
<p><a href="https://play.google.com/store/apps/details?id=com.game.last_spring.wwwn">clique aqui para baixar </a></p>
<h4> rad</h4>
<p>jogo de tiro para cegos.<br />
jogo de texto com rpg e sobrevivencia.&#8221;);</p>
<p><a href="https://play.google.com/store/apps/details?id=paconcio.rad">clique aqui para baixar </a></p>
<h5> Lost Heir 3: Demon War</h5>
<p>vocÊ ja sonhou em lutar conta dragões?<br />
vocÊ ja sonhou em se casar em um rpg?<br />
ja sonhou em batalhar ensanamente contra seus inimigos?<br />
pode fazer tudo isso agora! neste rpg textual com mais de 250mil palavras.<br />
vocÊ mergulhará o mundo em caos? ou fará do mundo um paraíso para as pessoas viverem.&#8221;);</p>
<p><a href="https://play.google.com/store/apps/details?id=org.hostedgames.lostheir3">link para download desse lindo jogo aqui </a></p>
<h6> pontes games zone</h6>
<p>este jogo famoso por muitos,<br />
e conhecido por poucos está trazendo vários jogos seja os jogos de carta ou não,<br />
ainda é uma boa opição para quem quer passar o tempo a jogar algo divertido.&#8221;);</p>
<p><a href="https://play.google.com/store/apps/details?id=ro.pontes.pontesgamezone">clique aqui para baixar </a></p>
<h1> galactic colonies</h1>
<p>deseja explorar lugares inabitados?<br />
agora vocÊ pode! desde pesquisar novas tecnologias, desenvolver novas colónias, upar seus  edificius.<br />
vocÊ pode fazer isso e mais!&#8221;);</p>
<p><a href="https://play.google.com/store/apps/details?id=com.MetalPop.RandomCity">clique aqui para baixar </a></p>
<h2> saviors of condia</h2>
<p>alguem lembra deste jogo? claro que não. afinal, ele foi removido da playstore mais ele voltou com o nome saviors of condia!&#8221;);</p>
<p><a href="https://play.google.com/store/apps/details?id=sokdevteam.com.saviorsofkhondia">link para download está aqui </a></p>
<h3> crafting kingdon</h3>
<p>deseja construir o seu reino do 0?<br />
deseja jogar um idle game de construção ocioso? então aqui está o&#8221;);</p>
<p><a href="https://play.google.com/store/apps/details?id=com.MetalPop.CraftingKingdom">link </a></p>
<h4> sounds of eden</h4>
<p>Uma experiência de áudio única e meditativa. Explore o jardim para encontrar sua paz.Sounds of Eden é uma experiência meditativa de áudio. Projetado para inspirar uma sensação de paz e calma dentro do ouvinte. Caminhe por um jardim interminável, onde as únicas coisas que crescem são sons felizes. Cada vez que você entra no seu jardim, encontra uma variedade única de plantas que crescem ao seu redor enquanto você explora.<br />
Esta é uma experiência apenas de áudio, não há recursos visuais.&#8221;);</p>
<p><a href="https://play.google.com/store/apps/details?id=com.PurpleJamLtd.SoundsOfEden">é só clicar aqui para baixar&#8230; ou melhor comprar </a></p>
<h5> audio pong</h5>
<p>ja sonhou em jogar ping pong em seu celular android? agora você pode! veja neste&#8221;);</p>
<p><a href="https://play.google.com/store/apps/details?id=com.PurpleJamLtd.PitchBlackAudioPong">link </a><br />
aviso para todos!<br />
estes 2 jogos que eu mostrei acima são pagos&#8221;);</p>
<h4> todos os jogos da oxoio</h4>
<p>todos os jogos da oxoio,<br />
possui jogos de desenvolvimento do império simulador do presidente e mais. só não vale desviar o dinheiro para comprar um triplex, vil.&#8221;);</p>
<p><a href="https://bit.ly/3nxovVa">clique aqui para ir a página com todos os jogos </a></p>
<h5> todos os jogos da iGindis Games</h5>
<p>aqui está todos os jogos da iGindis Games, desde do imperio mundial 2027, ao america latina ou também o famoso<br />
lideres mundiais apresentamos os diversos jogos neste&#8221;);</p>
<p><a href="https://bit.ly/3da31ZP">link </a></p>
<h6> el destino de ámbar</h6>
<p>este jogo vocÊ pode jogar em espanhol e em inglês.<br />
possui música para divertir vocÊ e um grande conceito de exploração profunda.<br />
é um jogo de texto.&#8221;);<br />
<a href="https://play.google.com/store/apps/details?id=com.codessus.ecnaris.ambar.paid">link para baixar aqui </a></p>
<h1> feer</h1>
<p>um jogo de corrida infinita para cegos.<br />
recolha as estrelas e luzes pelo caminho enquanto desvia de mortos vivos!&#8221;);<br />
<a href="https://play.google.com/store/apps/details?id=eu.mentalhome.feer">clique aqui para baixar </a></p>
<h2> random adventure roguelike 1</h2>
<p>grande rpg acessível para cegos em texto.<br />
possui som e música!&#8221;);<br />
<a href="https://play.google.com/store/apps/details?id=com.archison.randomadventureroguelikepro">link para download aqui </a></p>
<h3> random adventure 2</h3>
<p>(&#8220;aqui vai a descrição do jogo.<br />
Um jogo old-school baseado em texto inspirado nos gêneros MUD, RPG e Roguelike. Explore um mundo infinito através de uma aventura em texto com elementos roguelike! Um único desenvolvedor indie busca trazer um estilo old-school para os dispositivos Androids modernos. Isto é feito com uma interface fácil de se entender, alguns botões em forma de ícones e várias telas de informação. Os jogadores são encorajados a navegar por um mundo gerado de forma procedural, cheio de perigos e tesouros.&#8221;);</p>
<p><a href="https://play.google.com/store/apps/details?id=com.archison.randomadventureroguelike2">clique aqui para baixar </a><br />
e ver todos os jogos&#8221;);</p>
<h3> crime bot</h3>
<p>profundo jogo de investigação criminal que vai te divertir por horas.&#8221;);</p>
<p><a href="https://play.google.com/store/apps/details?id=com.testa.crimebot">clique aqui para baixar </a></p>
<h4> rome quest</h4>
<p>um jogo rpg ocioso de estratégia  e profunda mecanica de jogo que vai te deixar doido.&#8221;);<br />
<a href="https://play.google.com/store/apps/details?id=de.codestream.horus">link para download aqui </a></p>
<h5> stop famoso jogo de palavras</h5>
<p>Divirta-se com seus amigos e família nesse clássico jogo de papel e caneta! O famoso jogo conhecido como Stop ou Adedonha agora está disponível na loja Google Play!  É muito simples: selecione uma letra para começar, digite 5 palavras com essa letra em diferentes categorias. Quem acertar o maior número de palavras no menor tempo ganha! E mais: Jogue com seus amigos ou com pessoas do mundo todo e aprenda um novo idioma! Nota 9,5/10 Techtudo G1 &#8211; &#8220;O Stop é um excelente aplicativo. Se você gosta avalie&#8221;);<br />
<a href="https://play.google.com/store/apps/details?id=com.fanatee.stop">clique aqui para baixar. </a></p>
<h6> life simulator 3 real life</h6>
<p>O mais próximo da vida real de um jogo do Life Simulator! O JOGO MAIS REALISTA DO SIMULADOR DE VIDA DISPONÍVEL  Simulador de vida  CARREIRAS  &#8211; Existem mais de 130 empregos diferentes disponíveis no Life Simulator 3 &#8211; Vida Real &#8211; Da lavagem da louça à paleontologia, o mundo é sua ostra! &#8211; Talvez se torne um juiz? Ou um produtor de cinema? A escolha é totalmente sua &#8211; Torne-se um capitão de veleiro ou um instrutor de artes marciais, o Life Simulator 3 oferece tudo!&#8221;);</p>
<p><a href="https://play.google.com/store/apps/details?id=uk.playdrop.lifesimulatorpro">clique aqui para baixar </a></p>
<h1> landlord</h1>
<p>Seja proprietário e administre um negócio imobiliário com dinheiro idle! Você tem habilidades de gestão financeira? Você pode Investir, comprar, vender e negociar imóveis nessa simulador de negócios online baseado na vida real grátis. Tente se tornar um grande proprietário tycoon capitalista e construir um império com uma estratégia incrível! Tome decisões de marketing e se torne o dono de uma companhia de imóveis bilionária! É um jogo de administração e gestão tycoon com dinheiro idle&#8221;);<br />
<a href="https://play.google.com/store/apps/details?id=com.landlordgame.tycoon">link para download está aqui </a></p>
<h2> lg smart truco</h2>
<p>O jogo de truco mais popular do Brasil! 100% gratuito LG Smart Truco! Um dos jogos de cartas mais populares no Brasil agora disponível para o seu smartphone! Escolha um parceiro e teste suas habilidades contra outros dois jogadores, neste jogo rápido, divertido e viciante!  Esqueceu o baralho em casa? Sem problemas! Conecte via Bluetooth e divirta-se! Sem amigos para jogar? Crie ou junte-se a uma sala online! Baixe e experimente! Com interface totalmente reformulada e muitas funcionalidades novas&#8221;);<br />
<a href="https://play.google.com/store/apps/details?id=br.com.lge.smartTruco">clique aqui para fazer o download </a></p>
<h3> Ultima mensagem</h3>
<p>Uma história contada por mensagens e inspirada nos contos de H.P. LovecraftPode algo ser tão apavorante a ponto de deixar qualquer um louco só de ouvir relatos? Tudo começa quando alguém te envia uma mensagem do celular de seu amigo, pedindo ajuda para escapar de uma situação tão complicada quando obscura. Dentre as várias opções, escolha as que parecerem mais apropriadas e siga o curso da história, guiando um completo desconhecido por túneis subterrâneos.&#8221;);</p>
<p><a href="https://play.google.com/store/apps/details?id=com.fortytwoarts.lastmsg">clique aqui para baixar </a></p>
<h3> POKO, jogue com os seus amigos!</h3>
<p>estou aqui para apresentar o poko! um aplicativo com vários mini jogos divertidos e relativamente simples de jogar até para os deficientes visuais.<br />
ele tem funções agradaveis que vocÊ vai gostar baixe aqui&#8221;);<br />
<a href="https://play.google.com/store/apps/details?id=com.huya.pokogame&amp;hl=pt_BR">neste link </a></p>
<h4> dice world</h4>
<p>este jogo de dados vocÊ pode jogar online com os seus amigos e desconhecidos pelo mundo todo.<br />
possui várias funcionalidades.&#8221;)</p>
<p><a href="https://play.google.com/store/apps/details?id=com.saddlellc.diceworld&amp;hl=en_US&amp;gl=US">clique aqui para baixar </a></p>
<h5> ling xiao lu 2. ou ling xian lu2</h5>
<p>este jogo vocÊ precisa do google tradutor e a função toque para traduzir dele para jogar! a não ser que saiba chinÊs.<br />
ele é um rpg totalmente acessível áudiogame para deficientes visuais.<br />
ele é digamos que um jogo baseado em light novel.&#8221;);<br />
não sabe o que é light novel?<br />
<a href="https://pt.m.wikipedia.org/wiki/Light_novel">veja aqui o que é light novel </a> &#8221;<br />
<a href="https://scwl-1251129685.cos.ap-shanghai.myqcloud.com/lyxl2/Android/Lyxl2.apk">clique aqui para fazer o   download </a></p>
<h6> os 3  reinos</h6>
<p>este jogo com construção em tempo real do seu imperio está aqui finalmente!</p>
<p>&gt; com mais de 500 habilidades e 200 generais disponiveis para a batalha.</p>
<p>conquiste seus inimigos com suas tropas,</p>
<p>seu exército!<br />
este jogo tem que ser jogado com o toque para traduzir! ao menos que saiba chinÊs&#8221;);<br />
<a href="https://drive.google.com/file/d/16I5p_F2hqD-QDKDhIh5IwlTmisg0qa6X/view?usp=drivesdk">clique aqui para fazer o download </a></p>
<h3 lista="" de="" emuladores="" que="" podes="" usar="" no="" android="" para="" jogar="" jogos="" antigos="" e="" novos!="" <="" h3="">
<ol>
<li> <a href="https://happy-chick.br.uptodown.com/android">happy chick </a></li>
<li> <a href="https://youtu.be/hOn3czfqmXw">veja o tutorial ensinando a jogar no happy chick </a></li>
<li> <a href="https://play.google.com/store/apps/details?id=com.epsxe.ePSXe&amp;hl=pt_BR">emulador de ps1 para android </a></li>
<li> <a href="https://youtu.be/42xV4vyrPrY">veja o tutorial do  epsxe </a></li>
<p>esses são os 2 emuladores que recomendo,</p>
<p>alem desse aqui também<br />
<a href="https://drive.google.com/file/d/1--EMbdLP30KdgPDmAIT12dEnwzoZNycy/view?usp=drivesdk">link para um grande pacotão de emuladores que recomendo </a></p>
<h2> jogos que pode jogar com ajuda de videntes, ou decorando os botões na tela</h2>
<p><a href="https://stickman-revenge.br.uptodown.com/android">stickman revenge 3: baixe a versão 1.0.4 </a><br />
<a href="https://pt.happymod.com/dan-the-man-action-platformer-mod/com.halfbrick.dantheman/">baixe o dan the man: é preciso o happy mod. recomendável instalar. </a><br />
agora falarei o  método para jogar esses 2 jogos.<br />
primeiro deverás baixar o stickman revenge 3. ao baixar espere ele carregar.</p>
<p>depois, clique no canto inferior direito, até ouvir um barulho de plin!.<br />
aí é só jogar.</p>
<p>comandos na tela</p>
<p>parte esquerda da tela, botão de pulo, pode dar pulo duplo.</p>
<p>parte direita da tela inferior, pode atacar e se transformar.</p>
<p>é isso!.</p>
<p>dan the man, métodos para jogar.</p>
<p>ao iniciar o jogo pessa um vidente para digitar a idade, se pedir.</p>
<p>se não apenas clique no meio da tela.</p>
<p>a música vai mudar, e então clique na parte esquerda da tela, no meio da tela.</p>
<p>parte esquerda e meio que digo é: parte esquerda só que no meio da tela não é no canto inferior nem no superior.<br />
depois, clique no canto da tela na parte direita, um pouco pro meio até ouvir um barulho de trinmn</p>
<p>a música vai mudar novamente, aí é só clicar no canto inferior direito da tela, e pronto o jogo vai começar.</p>
<p>comandos para jogar.</p>
<p>parte esquerda da tela, joistick.</p>
<p>parte direita superior, botão de pulo</p>
<p>parte direita se encontra os botões de ataque e pulo!.</p>
<p>botão de ataque!<br />
parte direita, inferior. um pouquinho para esquerda do lado do botão de pulo, um pouco abaixo.</p>
<p>.</p>
<h4> jogos de navegador que podem ser jogados pelo android</h4>
<ol>
<li> <a href="https://www.heroesofardania.net/">heroes of ardania </a></li>
<li> <a href="https://bladeofeternity.com/">blade of eternity </a></li>
<li> <a href="https://ving.mobi/">vingadores </a></li>
<li> <a href="https://furiadetitas.net/">furia de titãs </a></li>
<li> <a href="http://shadowsgame.com/">world of shadows </a></li>
<li> <a href="https://pokemonshowdown.com/">pokemon showdown </a></li>
<li> <a href="http://world-of-dungeons.net/">world of dungeons </a></li>
<li> <a href="https://ptr.rsbattle.com/">rs battle </a></li>
<li> <a href="https://www.hattrick.org/pt/">hattrick game </a></li>
<li> <a href="https://www.unovarpg.com/pt/">nova rpg </a></li>
<li> <a href="https://www.popmundo.com/">pop mundo </a></li>
<li> <a href="https://taustation.space/">taustation </a></li>
<li> <a href="http://lotgd.net/">legend of king dragon </a></li>
</ol>
<p>lista de jogos de navegador encerrada por enquanto. volte no futuro para mais jogos de navegadores&#8221;)</p>
<h2> jogos da  etermax</h2>
<p>como todos ou quase todos sabem, os jogos da etermax são bem conhecidos.<br />
perguntados! quem nunca ouviu falar&#8221;);</p>
<ol>
<li> <a href="https://play.google.com/store/apps/details?id=com.etermax.preguntados.lite">perguntados </a></li>
<li> <a href="https://play.google.com/store/apps/details?id=com.etermax.kingdoms">reinos perguntados </a></li>
</ol>
<p>é isso pessoal! se tiver links, instruções ou algo errado no futuro, estarei vindo aqui para corrigir</ol>
</h3>
]]></content:encoded>
					
					<wfw:commentRss>https://github.com/azurejoga/azurejoga.github.io/lista-de-jogos-acessiveis-para-android.html/feed</wfw:commentRss>
			<slash:comments>1</slash:comments>
		
		
			</item>
	</channel>
</rss>
