<?xml version="1.0" encoding="UTF-8"?><rss version="2.0"
	xmlns:content="http://purl.org/rss/1.0/modules/content/"
	xmlns:wfw="http://wellformedweb.org/CommentAPI/"
	xmlns:dc="http://purl.org/dc/elements/1.1/"
	xmlns:atom="http://www.w3.org/2005/Atom"
	xmlns:sy="http://purl.org/rss/1.0/modules/syndication/"
	xmlns:slash="http://purl.org/rss/1.0/modules/slash/"
	>

<channel>
	<title>Uncategorized &#8211; azurejoga</title>
	<atom:link href="https://github.com/azurejoga/azurejoga.github.io/category/uncategorized/feed" rel="self" type="application/rss+xml" />
	<link>https://github.com/azurejoga/azurejoga.github.io/</link>
	<description>O verdadeiro site para gamers!</description>
	<lastBuildDate>Fri, 01 Oct 2021 16:54:52 +0000</lastBuildDate>
	<language>en-US</language>
	<sy:updatePeriod>
	hourly	</sy:updatePeriod>
	<sy:updateFrequency>
	1	</sy:updateFrequency>
	<generator>https://wordpress.org/?v=5.8.1</generator>
	<item>
		<title>Hello world!</title>
		<link>https://github.com/azurejoga/azurejoga.github.io/hello-world.html</link>
					<comments>https://github.com/azurejoga/azurejoga.github.io/hello-world.html#comments</comments>
		
		<dc:creator><![CDATA[azurejoga]]></dc:creator>
		<pubDate>Fri, 01 Oct 2021 16:54:52 +0000</pubDate>
				<category><![CDATA[Uncategorized]]></category>
		<guid isPermaLink="false">https://github.com/azurejoga/azurejoga.github.io/?p=1</guid>

					<description><![CDATA[Welcome to WordPress. This is your first post. Edit or delete it, then start writing!]]></description>
										<content:encoded><![CDATA[
<p>Welcome to WordPress. This is your first post. Edit or delete it, then start writing!</p>
]]></content:encoded>
					
					<wfw:commentRss>https://github.com/azurejoga/azurejoga.github.io/hello-world.html/feed</wfw:commentRss>
			<slash:comments>1</slash:comments>
		
		
			</item>
	</channel>
</rss>
