<?xml version="1.0" encoding="UTF-8"?><rss version="2.0"
	xmlns:content="http://purl.org/rss/1.0/modules/content/"
	xmlns:dc="http://purl.org/dc/elements/1.1/"
	xmlns:atom="http://www.w3.org/2005/Atom"
	xmlns:sy="http://purl.org/rss/1.0/modules/syndication/"
	
	>
<channel>
	<title>
	Comments for azurejoga	</title>
	<atom:link href="https://github.com/azurejoga/azurejoga.github.io/comments/feed" rel="self" type="application/rss+xml" />
	<link>https://github.com/azurejoga/azurejoga.github.io/</link>
	<description>O verdadeiro site para gamers!</description>
	<lastBuildDate>Fri, 01 Oct 2021 16:54:52 +0000</lastBuildDate>
	<sy:updatePeriod>
	hourly	</sy:updatePeriod>
	<sy:updateFrequency>
	1	</sy:updateFrequency>
	<generator>https://wordpress.org/?v=5.8.1</generator>
	<item>
		<title>
		Comment on Hello world! by A WordPress Commenter		</title>
		<link>https://github.com/azurejoga/azurejoga.github.io/hello-world.html#comment-1</link>

		<dc:creator><![CDATA[A WordPress Commenter]]></dc:creator>
		<pubDate>Fri, 01 Oct 2021 16:54:52 +0000</pubDate>
		<guid isPermaLink="false">https://github.com/azurejoga/azurejoga.github.io/?p=1#comment-1</guid>

					<description><![CDATA[Hi, this is a comment.
To get started with moderating, editing, and deleting comments, please visit the Comments screen in the dashboard.
Commenter avatars come from &lt;a href=&quot;https://gravatar.com&quot;&gt;Gravatar&lt;/a&gt;.]]></description>
			<content:encoded><![CDATA[<p>Hi, this is a comment.<br />
To get started with moderating, editing, and deleting comments, please visit the Comments screen in the dashboard.<br />
Commenter avatars come from <a href="https://gravatar.com/">Gravatar</a>.</p>
]]></content:encoded>
		
			</item>
		<item>
		<title>
		Comment on lista de jogos acessíveis  para android by azure		</title>
		<link>https://github.com/azurejoga/azurejoga.github.io/lista-de-jogos-acessiveis-para-android.html#comment-2</link>

		<dc:creator><![CDATA[azure]]></dc:creator>
		<pubDate>Sat, 12 Jun 2021 02:27:29 +0000</pubDate>
		<guid isPermaLink="false">https://azurejoga.000webhostapp.com///?p=28#comment-2</guid>

					<description><![CDATA[eu sou incrível né!]]></description>
			<content:encoded><![CDATA[<p>eu sou incrível né!</p>
]]></content:encoded>
		
			</item>
	</channel>
</rss>
